id,article_title,article_url,comment,topic,score
19205229,مهرجان تجويد القرآن يكرم الهيلالي,https://www.hespress.com/%d9%85%d9%87%d8%b1%d8%ac%d8%a7%d9%86-%d8%aa%d8%ac%d9%88%d9%8a%d8%af-%d8%a7%d9%84%d9%82%d8%b1%d8%a2%d9%86-%d9%8a%d9%83%d8%b1%d9%85-%d8%a7%d9%84%d9%87%d9%8a%d9%84%d8%a7%d9%84%d9%8a-1471229.html,هذه هي المهرجانات التي نحتاجها لتنمية أبنائنا أخلاقيا و دينيا و علميا بعيدا السوشيال ميديا و مهرجانات الرقص,فن وثقافة,0
19205202,قيادات فلسطينية: الرسالة الملكية تؤكد دور المغرب في الدفاع عن القضية العادلة,https://www.hespress.com/%d9%82%d9%8a%d8%a7%d8%af%d8%a7%d8%aa-%d9%81%d9%84%d8%b3%d8%b7%d9%8a%d9%86%d9%8a%d8%a9-%d8%a7%d9%84%d8%b1%d8%b3%d8%a7%d9%84%d8%a9-%d8%a7%d9%84%d9%85%d9%84%d9%83%d9%8a%d8%a9-%d8%aa%d8%b9%d9%83%d8%b3-1471506.html,القضية الفلسطينية هي القضية الثانية للدولة المغربية بعد الوحدة الترابية. حفظ الله مولانا أمير المؤمنين وحامي حمى الملة والدين جلالة الملك محمد السادس.,سياسة,-1
19205152,انتقادات لحديقة الحيوانات في البيضاء,https://www.hespress.com/%d8%a7%d9%86%d8%aa%d9%82%d8%a7%d8%af%d8%a7%d8%aa-%d9%84%d8%ad%d8%af%d9%8a%d9%82%d8%a9-%d8%a7%d9%84%d8%ad%d9%8a%d9%88%d8%a7%d9%86%d8%a7%d8%aa-%d9%81%d9%8a-%d8%a7%d9%84%d8%a8%d9%8a%d8%b6%d8%a7%d8%a1-1471352.html,100 درهم واش غادي نلقاو ملكة جمال الادغال ديال الغابة را كازا براسها غول,جهات,5
19205185,انتقادات لحديقة الحيوانات في البيضاء,https://www.hespress.com/%d8%a7%d9%86%d8%aa%d9%82%d8%a7%d8%af%d8%a7%d8%aa-%d9%84%d8%ad%d8%af%d9%8a%d9%82%d8%a9-%d8%a7%d9%84%d8%ad%d9%8a%d9%88%d8%a7%d9%86%d8%a7%d8%aa-%d9%81%d9%8a-%d8%a7%d9%84%d8%a8%d9%8a%d8%b6%d8%a7%d8%a1-1471352.html,وأين هي الأموال التي تنفقها الجماعة على المهراجانات التافهة،  كان الأولى أن تنفقها على الحديقة عوض تحميل المواطن الفقير تكاليف تسييرها ، الدخول إلى الحديقة يجب أن يكون بثمن رمزي لايتعدى عشرين درهم للكبار وعشرة دراهم للصغار ، نحن نعيش في المغرب وليس في السويد.,جهات,10
19205199,انتقادات لحديقة الحيوانات في البيضاء,https://www.hespress.com/%d8%a7%d9%86%d8%aa%d9%82%d8%a7%d8%af%d8%a7%d8%aa-%d9%84%d8%ad%d8%af%d9%8a%d9%82%d8%a9-%d8%a7%d9%84%d8%ad%d9%8a%d9%88%d8%a7%d9%86%d8%a7%d8%aa-%d9%81%d9%8a-%d8%a7%d9%84%d8%a8%d9%8a%d8%b6%d8%a7%d8%a1-1471352.html,المغاربة بغاو كلشي بالمجان،واش ما فكروش بان حديقة الحيوانات تتطلب نقود كثيرة لاكل الحيوانات و تطبيبهم و صيانة الحديقة ووووو، و خصوصا النظافة لان اكيد زوارها سملأونها بالازبال. زائد نفترض انا خلصت 80 درهم باش ندخل،ماشي غادي ندخل ليها يوميا ولا اسبوعيا و لا حتى شهريا، هي تتكون زيارة وحدة فقط ولا  فالعام كاع,جهات,-3
19205204,انتقادات لحديقة الحيوانات في البيضاء,https://www.hespress.com/%d8%a7%d9%86%d8%aa%d9%82%d8%a7%d8%af%d8%a7%d8%aa-%d9%84%d8%ad%d8%af%d9%8a%d9%82%d8%a9-%d8%a7%d9%84%d8%ad%d9%8a%d9%88%d8%a7%d9%86%d8%a7%d8%aa-%d9%81%d9%8a-%d8%a7%d9%84%d8%a8%d9%8a%d8%b6%d8%a7%d8%a1-1471352.html,إذا كانت الشركة التي ستدبر هذا المشروع العمومي هي نفسها تملك مشروع خاص وتقدم فيه نفس الخدمات إذن من الطبيعي أن تكون الأثمنة أغلى لكي لا يتناطح العنزان و تشتبك الغزلان,جهات,0
19205211,انتقادات لحديقة الحيوانات في البيضاء,https://www.hespress.com/%d8%a7%d9%86%d8%aa%d9%82%d8%a7%d8%af%d8%a7%d8%aa-%d9%84%d8%ad%d8%af%d9%8a%d9%82%d8%a9-%d8%a7%d9%84%d8%ad%d9%8a%d9%88%d8%a7%d9%86%d8%a7%d8%aa-%d9%81%d9%8a-%d8%a7%d9%84%d8%a8%d9%8a%d8%b6%d8%a7%d8%a1-1471352.html,"السلام
على رءيس المقاطعة و هدا المستشار الكلايبي ان برفضوا هده التعريفة و ان تساهم المقاطعة و لو ب 1٪ في دعم تعريفة الولوج الحديقة لان 80 درهم مبلغ مبالغ فيه كتيرا مع العالم ان الساكنة في العمالة و العملات المجاورة من الطبقة الفقيرة و المتوسطة لان  مقاطعة عين السبع من أغنى الجماعات على المستوى الوطني و دلك لوجود احياء صناعية في شارع الشفشاوني و منطقة عكاشة ناهيك عن معارض السيارات الفارهة في شارع مولاي سليمان دون الحديت عن المطاعم و المقاهي الشاطءية و الاسواق البلدية و جزء من ميناء و ملعب العربي الأولي   يعني توجد مداخيل و ضراءب و رسوم تضخ في ميزانية الجماعة و مع دلك يظهر ان الجماعة تعاني مع المكتب و المجلس الجماعي لا بنية تحتية لا طرق لا فضاءات شوارع ضيقة ازدحام وقت الدروة خصوصا شارع مولاي اسماعيل .",جهات,1
19205221,انتقادات لحديقة الحيوانات في البيضاء,https://www.hespress.com/%d8%a7%d9%86%d8%aa%d9%82%d8%a7%d8%af%d8%a7%d8%aa-%d9%84%d8%ad%d8%af%d9%8a%d9%82%d8%a9-%d8%a7%d9%84%d8%ad%d9%8a%d9%88%d8%a7%d9%86%d8%a7%d8%aa-%d9%81%d9%8a-%d8%a7%d9%84%d8%a8%d9%8a%d8%b6%d8%a7%d8%a1-1471352.html,ليست لهم أفكا  للعمال عليها سوى.طباقيية بينا  لمواطنيين لنهب جييوبهم  من 5دراهم إلى 100درهم  يجب تهيأت محلات تجارية ومقاهي وأكشاك لإرادت لموارد المالية .معا.تدكيرات.20للمواطنيين,جهات,1
19205223,انتقادات لحديقة الحيوانات في البيضاء,https://www.hespress.com/%d8%a7%d9%86%d8%aa%d9%82%d8%a7%d8%af%d8%a7%d8%aa-%d9%84%d8%ad%d8%af%d9%8a%d9%82%d8%a9-%d8%a7%d9%84%d8%ad%d9%8a%d9%88%d8%a7%d9%86%d8%a7%d8%aa-%d9%81%d9%8a-%d8%a7%d9%84%d8%a8%d9%8a%d8%b6%d8%a7%d8%a1-1471352.html,على المسؤولين على حديقة الحيوانات اعادة النظر في اثمنة ولوج الحديقة لانه مبالغ فيها كثير اد كيف يعقل موضف عادي ابغا ايساري اوليداتو مثلا عندو  2 اولاد او هو او الزوجة بالنسبة له مبلغ خيالي و ادا دخل مرة فانه لم يعد مرة ثانية الى الابد في الدول المتقدمة يكون الثمن رمزي,جهات,0
19205225,انتقادات لحديقة الحيوانات في البيضاء,https://www.hespress.com/%d8%a7%d9%86%d8%aa%d9%82%d8%a7%d8%af%d8%a7%d8%aa-%d9%84%d8%ad%d8%af%d9%8a%d9%82%d8%a9-%d8%a7%d9%84%d8%ad%d9%8a%d9%88%d8%a7%d9%86%d8%a7%d8%aa-%d9%81%d9%8a-%d8%a7%d9%84%d8%a8%d9%8a%d8%b6%d8%a7%d8%a1-1471352.html,والله لا مشيت ليها. حديقة الرباط ديت ليها ولادي وتهنييييت، لا علاقة مع حديقة عين الضبع، الهايش مايش فينما مشيت فهاد كازا. كرهتوني فيها، أكبر أمنية عندي نخرج منها,جهات,0
19205227,انتقادات لحديقة الحيوانات في البيضاء,https://www.hespress.com/%d8%a7%d9%86%d8%aa%d9%82%d8%a7%d8%af%d8%a7%d8%aa-%d9%84%d8%ad%d8%af%d9%8a%d9%82%d8%a9-%d8%a7%d9%84%d8%ad%d9%8a%d9%88%d8%a7%d9%86%d8%a7%d8%aa-%d9%81%d9%8a-%d8%a7%d9%84%d8%a8%d9%8a%d8%b6%d8%a7%d8%a1-1471352.html,"هذه حديقة حيوانات عمومية تم انشاؤها من الضرائب المقتطعة من أموال الساكنة،والمفروض على المسؤولين ان يدركوا ان هذا الثمن ليس في متناول العموم وحتى الطبقة المتوسطة  لذا فهي محكوم عليها بالافلاس منذ البداية.لذا الثمن المعقول هو 30درهما للكبار و20للصغار
انتوا لنبض الشارع .",جهات,0
19205234,انتقادات لحديقة الحيوانات في البيضاء,https://www.hespress.com/%d8%a7%d9%86%d8%aa%d9%82%d8%a7%d8%af%d8%a7%d8%aa-%d9%84%d8%ad%d8%af%d9%8a%d9%82%d8%a9-%d8%a7%d9%84%d8%ad%d9%8a%d9%88%d8%a7%d9%86%d8%a7%d8%aa-%d9%81%d9%8a-%d8%a7%d9%84%d8%a8%d9%8a%d8%b6%d8%a7%d8%a1-1471352.html,هاد السعر مرتفع جدا ، حديقة الحيوانات في تمارة بالرباط أحسن بكثير من حديقة عين السبع ومافيها هاد التسعيرة المرتفعة ….,جهات,0
19205158,الجيش اللبناني يدعو النازحين إلى التريث,https://www.hespress.com/%d8%ac%d9%8a%d8%b4-%d9%84%d8%a8%d9%86%d8%a7%d9%86-%d9%8a%d8%af%d8%b9%d9%88-%d8%a7%d9%84%d9%86%d8%a7%d8%b2%d8%ad%d9%8a%d9%86-%d8%a5%d9%84%d9%89-%d8%a7%d9%84%d8%aa%d8%b1%d9%8a%d8%ab-1471442.html,"لماذا هذا الجيش لا يحارب اولا ما يسمى بي جماعة حزب الله.
لبقى هو الوحيد الذي يحمل السلاح في لبنان",خارج الحدود,-3
19205171,الجيش اللبناني يدعو النازحين إلى التريث,https://www.hespress.com/%d8%ac%d9%8a%d8%b4-%d9%84%d8%a8%d9%86%d8%a7%d9%86-%d9%8a%d8%af%d8%b9%d9%88-%d8%a7%d9%84%d9%86%d8%a7%d8%b2%d8%ad%d9%8a%d9%86-%d8%a5%d9%84%d9%89-%d8%a7%d9%84%d8%aa%d8%b1%d9%8a%d8%ab-1471442.html,جيش لبنان اي جيش هذا لم نرى ولم نسمع به حتى هذه اللحظة التي أعلن فيها عن وقف الحرب,خارج الحدود,12
19205188,الجيش اللبناني يدعو النازحين إلى التريث,https://www.hespress.com/%d8%ac%d9%8a%d8%b4-%d9%84%d8%a8%d9%86%d8%a7%d9%86-%d9%8a%d8%af%d8%b9%d9%88-%d8%a7%d9%84%d9%86%d8%a7%d8%b2%d8%ad%d9%8a%d9%86-%d8%a5%d9%84%d9%89-%d8%a7%d9%84%d8%aa%d8%b1%d9%8a%d8%ab-1471442.html,الجيش بالاسم فقط . الجيش الدي لا يحمي شعبه فهو عبارة عن دمية او بروتوكول لا اقل او اكتر.,خارج الحدود,7
19205126,الحكم في قضية الطالب أنور,https://www.hespress.com/%d8%a7%d9%84%d8%ad%d9%83%d9%85-%d9%81%d9%8a-%d9%82%d8%b6%d9%8a%d8%a9-%d8%a7%d9%84%d8%b7%d8%a7%d9%84%d8%a8-%d8%a3%d9%86%d9%88%d8%b1-1471492.html,"لا حول و لا قوة إلا بالله العلي العظيم.  اللهم ارحم الشاب أنور و ارزق أهله الصبر و السلوان.
قال تعالى “يا أيها الذين آمنوا لا تسألوا عن أشياء إن تبد لكم تسؤكم “في نظري المتواضع،عدم إجابة المحكمة عن التساؤلات يمكن أن يكون لسببين. إما هو تغاض عن قصد لأن المحكمة ارتأت أن تحتفض ببعض الحقائق لأنها لا تفيد في شيء، أو لربما أن ما هو مصرح به هو أقصى ما توصلت إليه تحريات الشرطة و المحكمة. و الله أعلم.",صوت وصورة,5
19205192,الحكم في قضية الطالب أنور,https://www.hespress.com/%d8%a7%d9%84%d8%ad%d9%83%d9%85-%d9%81%d9%8a-%d9%82%d8%b6%d9%8a%d8%a9-%d8%a7%d9%84%d8%b7%d8%a7%d9%84%d8%a8-%d8%a3%d9%86%d9%88%d8%b1-1471492.html,"لا عدالة في الأرض الا عدالة الله سبحانه وتعالى
وعند الله تجتمع الخصوم
الله يرحمه ويصبر أهله
ان لله وانا إليه راجعون",صوت وصورة,2
19205213,الحكم في قضية الطالب أنور,https://www.hespress.com/%d8%a7%d9%84%d8%ad%d9%83%d9%85-%d9%81%d9%8a-%d9%82%d8%b6%d9%8a%d8%a9-%d8%a7%d9%84%d8%b7%d8%a7%d9%84%d8%a8-%d8%a3%d9%86%d9%88%d8%b1-1471492.html,أين النساء المغربيات لإدانة هذا الحكم الجائر أليس هن غيورات ومدافعات عن حقوق الإنسان؟,صوت وصورة,3
19205240,الحكم في قضية الطالب أنور,https://www.hespress.com/%d8%a7%d9%84%d8%ad%d9%83%d9%85-%d9%81%d9%8a-%d9%82%d8%b6%d9%8a%d8%a9-%d8%a7%d9%84%d8%b7%d8%a7%d9%84%d8%a8-%d8%a3%d9%86%d9%88%d8%b1-1471492.html,الروح عزيزة عند الله وستتضح أسباب الوفاة كلها ان شاء الله,صوت وصورة,0
19205061,قرار المحكمة الأوروبية يستدعي وضوح بروكسيل بشأن قضية الصحراء,https://www.hespress.com/%d9%82%d8%b1%d8%a7%d8%b1-%d8%a7%d9%84%d9%85%d8%ad%d9%83%d9%85%d8%a9-%d8%a7%d9%84%d8%a3%d9%88%d8%b1%d9%88%d8%a8%d9%8a%d8%a9-%d9%8a%d8%b3%d8%aa%d8%af%d8%b9%d9%8a-%d9%88%d8%b6%d9%88%d8%ad-%d8%a8-1471139.html,مع كل أسف الإتحاد لايمكنه تجاوز قرار المحكمة الأوروبية (هم يتكلمون بكلام فضفاض عن المغرب لكن لايوضحون حدوده الجغرافية) ، أما قضية دعم بعض دوله لقضية الصحراء فماهي إلا محاولة إرضاء وتموضع و ما دامت باللجنة الرابعة للأمم المتحدة، عندما تغلق القضية بالأمم المتحدة يمكن للعلاقة مع الإتحاد أن تأخذ مجرى آخر.,سياسة,13
19205071,قرار المحكمة الأوروبية يستدعي وضوح بروكسيل بشأن قضية الصحراء,https://www.hespress.com/%d9%82%d8%b1%d8%a7%d8%b1-%d8%a7%d9%84%d9%85%d8%ad%d9%83%d9%85%d8%a9-%d8%a7%d9%84%d8%a3%d9%88%d8%b1%d9%88%d8%a8%d9%8a%d8%a9-%d9%8a%d8%b3%d8%aa%d8%af%d8%b9%d9%8a-%d9%88%d8%b6%d9%88%d8%ad-%d8%a8-1471139.html,الجهود الديبلوماسية يلزمها دعم صاحبة الجلالة السلطة الرابعة المطالبة بتجديد نخب المحللين والمفكرين الاقتصاديين والسياسيين الكلاسيكيين من مريدي المدهب الأوروبي المتعودين على قراءة التطورات على أنغام ما تمليه بروكسيل، وتعويضهم بنخبة أكثر واقعية وإلماما بما تستدعيه المرحلة من يقظة وحس استباقي في التعاطي مع المؤسسات الأوروبية وأجنداتها. ..,سياسة,5
19205078,قرار المحكمة الأوروبية يستدعي وضوح بروكسيل بشأن قضية الصحراء,https://www.hespress.com/%d9%82%d8%b1%d8%a7%d8%b1-%d8%a7%d9%84%d9%85%d8%ad%d9%83%d9%85%d8%a9-%d8%a7%d9%84%d8%a3%d9%88%d8%b1%d9%88%d8%a8%d9%8a%d8%a9-%d9%8a%d8%b3%d8%aa%d8%af%d8%b9%d9%8a-%d9%88%d8%b6%d9%88%d8%ad-%d8%a8-1471139.html,الحل الوحيد لهذا المشكل هو اعتراف أوروبا بالصحراء المغربية,سياسة,7
19205101,قرار المحكمة الأوروبية يستدعي وضوح بروكسيل بشأن قضية الصحراء,https://www.hespress.com/%d9%82%d8%b1%d8%a7%d8%b1-%d8%a7%d9%84%d9%85%d8%ad%d9%83%d9%85%d8%a9-%d8%a7%d9%84%d8%a3%d9%88%d8%b1%d9%88%d8%a8%d9%8a%d8%a9-%d9%8a%d8%b3%d8%aa%d8%af%d8%b9%d9%8a-%d9%88%d8%b6%d9%88%d8%ad-%d8%a8-1471139.html,الحزم ثم الحزم ، لا نقاش في مغربية الصحراء ، الاتحاد الاوروبي   ضعيف الشخصية ي سياسيا ، قد تبين ان لا افعال متزنة ولا ردود افعال عاقلة ، ونرى ذلك في ملف  روسيا  اكرانيا.  لا يهمنا سياستهم المرتجلة والتحرشات ، ما يهمنا هو ان المغرب في صحرائه ، بثرواتها و بحرها ورمالها وثراثها  ،اما ساكنتها فحسمت الامر بالبيعة . سيأتي يوما تندم فيه اروبا ،لما  نتعامل اكثر مع الصين ،روسيا ،الولايات المتحدة ،تركيا،البرازيل الهند باكستان ، الدول الافريقية العاقلة .,سياسة,10
19205112,قرار المحكمة الأوروبية يستدعي وضوح بروكسيل بشأن قضية الصحراء,https://www.hespress.com/%d9%82%d8%b1%d8%a7%d8%b1-%d8%a7%d9%84%d9%85%d8%ad%d9%83%d9%85%d8%a9-%d8%a7%d9%84%d8%a3%d9%88%d8%b1%d9%88%d8%a8%d9%8a%d8%a9-%d9%8a%d8%b3%d8%aa%d8%af%d8%b9%d9%8a-%d9%88%d8%b6%d9%88%d8%ad-%d8%a8-1471139.html,تحدير الدبلوماسية المغربية يمكن بتلك المساعدة ديال 200مليون اورو سنفقض بعض النقاط التي احرزناها بالنسبة لقضية الصحراء على العموم يجب الحدر وقطع اشواط اخرى لحسم هدا الملف   ربما الاروبيون يلعبون على الوقت لتاخير الحسم في هذا الملف وربما لا ءعادته إلى النقطة الأولى و هدا ما يبحث عنه أعداء الوحدة الترابية للمملكة المغربية ولكم في المحكمة الأوروبية خير دليل والكلام كتير وواضح وشكرا,سياسة,4
19205128,قرار المحكمة الأوروبية يستدعي وضوح بروكسيل بشأن قضية الصحراء,https://www.hespress.com/%d9%82%d8%b1%d8%a7%d8%b1-%d8%a7%d9%84%d9%85%d8%ad%d9%83%d9%85%d8%a9-%d8%a7%d9%84%d8%a3%d9%88%d8%b1%d9%88%d8%a8%d9%8a%d8%a9-%d9%8a%d8%b3%d8%aa%d8%af%d8%b9%d9%8a-%d9%88%d8%b6%d9%88%d8%ad-%d8%a8-1471139.html,"قرار محكمة العدل الأوروبية كان متحيزا للانفصال و لا يتماشى مع قرارات الامم المتحدة و لا يتماشى مع راي الدول الاوروبية المعترفة بسيادة المغرب على صحراءه
عليهم اولا ان يتفاهموا فيما بينهم و الخروج بموقف واقعي موحد
 اما المغرب فعليه التعامل فقط مع الدول الاوروبية التي تعترف بالسيادة المغربية على صحراءه فيما يخص اتفاقيتي الفلاخة و الصيد البحري",سياسة,0
19205136,قرار المحكمة الأوروبية يستدعي وضوح بروكسيل بشأن قضية الصحراء,https://www.hespress.com/%d9%82%d8%b1%d8%a7%d8%b1-%d8%a7%d9%84%d9%85%d8%ad%d9%83%d9%85%d8%a9-%d8%a7%d9%84%d8%a3%d9%88%d8%b1%d9%88%d8%a8%d9%8a%d8%a9-%d9%8a%d8%b3%d8%aa%d8%af%d8%b9%d9%8a-%d9%88%d8%b6%d9%88%d8%ad-%d8%a8-1471139.html,"لا يمكن و من المستحيل نكران المواطنين المغاربة في الصحراء المغربية
الواقع هو عدة أجيال مغاربة يعيشون في الصحراء منذ عقود و جنسيتهم مواطنين مغاربة و لا يقبلون أبدا بتغيير إنتماءهم و شعارهم الله الوطن الملك",سياسة,0
19205138,قرار المحكمة الأوروبية يستدعي وضوح بروكسيل بشأن قضية الصحراء,https://www.hespress.com/%d9%82%d8%b1%d8%a7%d8%b1-%d8%a7%d9%84%d9%85%d8%ad%d9%83%d9%85%d8%a9-%d8%a7%d9%84%d8%a3%d9%88%d8%b1%d9%88%d8%a8%d9%8a%d8%a9-%d9%8a%d8%b3%d8%aa%d8%af%d8%b9%d9%8a-%d9%88%d8%b6%d9%88%d8%ad-%d8%a8-1471139.html,يجب التعامل مع الاتحاد الأوروبي بكل حزم و  جدية واجبار الدول الاوروبية الاعتراف بمغربية الصحراء لقد حان الوقت لاخراجهم من نفاقهم فالاتحاد الاروبي يعتبر اسدا اقتصاديا لكنه فءر سياسيا.لقد احسن السيد الوير بخطابه الصريح مع الممثل الارو بي حيث قال له نريد أفعال وليس أقوال.,سياسة,0
19205175,قرار المحكمة الأوروبية يستدعي وضوح بروكسيل بشأن قضية الصحراء,https://www.hespress.com/%d9%82%d8%b1%d8%a7%d8%b1-%d8%a7%d9%84%d9%85%d8%ad%d9%83%d9%85%d8%a9-%d8%a7%d9%84%d8%a3%d9%88%d8%b1%d9%88%d8%a8%d9%8a%d8%a9-%d9%8a%d8%b3%d8%aa%d8%af%d8%b9%d9%8a-%d9%88%d8%b6%d9%88%d8%ad-%d8%a8-1471139.html,أرى أنه و مع عراقيل أجهزة الإتحاد الأوروبي يجب على المغرب أن يفرض ، قبل  توقيع  أي إتفاق ، مرور مسودة الإتفاق على جميع هده الأجهزة و قبولها قبل التوقيع,سياسة,-1
19205181,قرار المحكمة الأوروبية يستدعي وضوح بروكسيل بشأن قضية الصحراء,https://www.hespress.com/%d9%82%d8%b1%d8%a7%d8%b1-%d8%a7%d9%84%d9%85%d8%ad%d9%83%d9%85%d8%a9-%d8%a7%d9%84%d8%a3%d9%88%d8%b1%d9%88%d8%a8%d9%8a%d8%a9-%d9%8a%d8%b3%d8%aa%d8%af%d8%b9%d9%8a-%d9%88%d8%b6%d9%88%d8%ad-%d8%a8-1471139.html,دول الاتحاد الأوروبي مطالبة الان اكتر من اي وقت مضى لكي تحدد موقفها بكل وضوح بدون لف ودوران او اكل الديب حلال صيد الديب حرام،اما ان تكون هناك شراكة في صالح الجميع تحترم مبدأ حسن الجوار والمصالح المشتركة او لا شيئ فقط اكل الغلة وسب الملة وإدلال المغاربة في ما يخص مسألة التأشيرة واكل أموالهم بدون وجه حق يمن يدعي عقوق الانسان والحيوان والبغال، واخيرا كما قال صاحب الجلالة الملك محمد السادس نصره الله بان قضية اقاليمنا الجنوبية هي النظارة التي ينظر من خلالها المغرب حسن الصداقات ونجاعة الشراكات ،اما معنا او مع غانا وزمن الابنزاز واللعب على الحبلين قد ولا وأرض الله واسعة!؟,سياسة,-1
19205206,قرار المحكمة الأوروبية يستدعي وضوح بروكسيل بشأن قضية الصحراء,https://www.hespress.com/%d9%82%d8%b1%d8%a7%d8%b1-%d8%a7%d9%84%d9%85%d8%ad%d9%83%d9%85%d8%a9-%d8%a7%d9%84%d8%a3%d9%88%d8%b1%d9%88%d8%a8%d9%8a%d8%a9-%d9%8a%d8%b3%d8%aa%d8%af%d8%b9%d9%8a-%d9%88%d8%b6%d9%88%d8%ad-%d8%a8-1471139.html,الاتحاد الأوروبي كذاب ومنافق …. يمكن اليوم التأسيس لعلاقات جدية و واضحة مع الدول الأوروبية التي أبدت على الأقل مباركتها للطرح السياسي المتعلق بالحكم الذاتي والذي تبناه المغرب منذ 2007 و هو قرار لا رجعة فيه و لو انطبقت السماء على الأرض . وما على الاتحاد الأوروبي وبرلمانه إلا الاقتناع بما يراه المغرب مناسبا هذا إذا كان الاتحاد يعلم جيدا أن البوابة الأفريقية الكبرى هي المملكة المغربية واستحضارا منه كذلك بأن الصحراء مغربية بالوثائق التاريخية و الجغرافية . السؤال المطروح اليوم هو …..لماذا يتلكأ الاتحاد الأوروبي بخصوص الاعتراف بمغربية الصحراء إذا كانت فعلا دوله تريد إقامة علاقات جدية وصادقة في إطار تعاون مشترك مبني على قاعدة رابح ، رابح . إنه النفاق السياسي يا سادة …فالحذر الحذر .,سياسة,-1
19205054,رئاسة طنجة المدينة تشعل المنافسة,https://www.hespress.com/%d8%b1%d8%a6%d8%a7%d8%b3%d8%a9-%d8%b7%d9%86%d8%ac%d8%a9-%d8%a7%d9%84%d9%85%d8%af%d9%8a%d9%86%d8%a9-%d8%aa%d8%b4%d8%b9%d9%84-%d8%a7%d9%84%d9%85%d9%86%d8%a7%d9%81%d8%b3%d8%a9-1471278.html,"أصبحت طنجة من أغنى المدن واكثرها تطورا وأصبحت اوراشها مغرية المتربصين ولهذا هم يتناقرون ويتقاشرون من أجل هذه الفريسة السمينة حاضرا ومستقبلها.
هل منهم من يحب الخير للبلد والشعب قبل كل شيء ؟ لا اظن",جهات,1
19204981,15 سنة سجنا نافذا لقاتلة الطالب أنور,https://www.hespress.com/15-%d8%b3%d9%86%d8%a9-%d8%b3%d8%ac%d9%86%d8%a7-%d9%86%d8%a7%d9%81%d8%b0%d8%a7-%d9%84%d9%82%d8%a7%d8%aa%d9%84%d8%a9-%d8%a7%d9%84%d8%b7%d8%a7%d9%84%d8%a8-%d8%a3%d9%86%d9%88%d8%b1-1471451.html,صراحة لا يمكن اعتماد القاتلة قاصر والحكم عليها لتخفيف العقوبة نظرا لسنها باعتبارها قاصر. لان القاصر لا يمكن ان تزهق روح. وصراحة الملف فيه ان انا تابعت المحاكمة وهناك خلل ما لان البنت من بنيتها الجسمانية لا يمكن لها قتل المرحوم وحدها لانه اكبر منها بنية جسمية ففي الحقيقة هناك من ساهم معها في ارتكاب الجناية والعدالة لم تصل له. فاسيلة كثيرة وضعها المحامون بقت دون إجابة.,حوادث,24
19204987,15 سنة سجنا نافذا لقاتلة الطالب أنور,https://www.hespress.com/15-%d8%b3%d9%86%d8%a9-%d8%b3%d8%ac%d9%86%d8%a7-%d9%86%d8%a7%d9%81%d8%b0%d8%a7-%d9%84%d9%82%d8%a7%d8%aa%d9%84%d8%a9-%d8%a7%d9%84%d8%b7%d8%a7%d9%84%d8%a8-%d8%a3%d9%86%d9%88%d8%b1-1471451.html,حكم مخفف جدا…هل التميز ضد الرجل وصل حتى جرائم القتل …القتل ذبحا و سرقة و 15 سنة ؟؟؟,حوادث,101
19204990,15 سنة سجنا نافذا لقاتلة الطالب أنور,https://www.hespress.com/15-%d8%b3%d9%86%d8%a9-%d8%b3%d8%ac%d9%86%d8%a7-%d9%86%d8%a7%d9%81%d8%b0%d8%a7-%d9%84%d9%82%d8%a7%d8%aa%d9%84%d8%a9-%d8%a7%d9%84%d8%b7%d8%a7%d9%84%d8%a8-%d8%a3%d9%86%d9%88%d8%b1-1471451.html,أرى في ذلك حكم مخففا جدا  بكل صراحة لا افهم العدالة في بلادنا. فتالي تدخل للحبس وتضرب 6 ولا 8 سنوات وتخرج,حوادث,61
19204991,15 سنة سجنا نافذا لقاتلة الطالب أنور,https://www.hespress.com/15-%d8%b3%d9%86%d8%a9-%d8%b3%d8%ac%d9%86%d8%a7-%d9%86%d8%a7%d9%81%d8%b0%d8%a7-%d9%84%d9%82%d8%a7%d8%aa%d9%84%d8%a9-%d8%a7%d9%84%d8%b7%d8%a7%d9%84%d8%a8-%d8%a3%d9%86%d9%88%d8%b1-1471451.html,لا زلنا نتساهل مع العقوبة القضائية في المغرب مما ادى الى انتشار الجريمة بشكل غير معقول، حبذا لو أننا طبقنا شرع الله في القصاص مثل الدول العربية لما انتهينا ولو بشكل من الاشكال ، الحد من جرائم القتل التي اصبحت منتشرة على نطاق واسع في كل انحاء المملكة,حوادث,57
19204992,15 سنة سجنا نافذا لقاتلة الطالب أنور,https://www.hespress.com/15-%d8%b3%d9%86%d8%a9-%d8%b3%d8%ac%d9%86%d8%a7-%d9%86%d8%a7%d9%81%d8%b0%d8%a7-%d9%84%d9%82%d8%a7%d8%aa%d9%84%d8%a9-%d8%a7%d9%84%d8%b7%d8%a7%d9%84%d8%a8-%d8%a3%d9%86%d9%88%d8%b1-1471451.html,لك الله يا  وطني ، القضية فيها القتل العمد مع سيق الاصرار و الترصد كيما كايقولو فمداولة و عاطيينها 15 عام و من بعد تخرج بعفو ملكي لحسن السلوك ، اوا ردعنا و خلعنا بكري المجرمين و الشفارة لا حول ولا قوة الا بالله,حوادث,49
19204995,15 سنة سجنا نافذا لقاتلة الطالب أنور,https://www.hespress.com/15-%d8%b3%d9%86%d8%a9-%d8%b3%d8%ac%d9%86%d8%a7-%d9%86%d8%a7%d9%81%d8%b0%d8%a7-%d9%84%d9%82%d8%a7%d8%aa%d9%84%d8%a9-%d8%a7%d9%84%d8%b7%d8%a7%d9%84%d8%a8-%d8%a3%d9%86%d9%88%d8%b1-1471451.html,الله ارحم برحمته الواسعة احضو ووليداتكم او خليوهم دائما صغار قدام عينيكم مهما كبروا الوقت خيابتك او الله اعبعد الشر على جميع وليدات المسلمين,حوادث,40
19204998,15 سنة سجنا نافذا لقاتلة الطالب أنور,https://www.hespress.com/15-%d8%b3%d9%86%d8%a9-%d8%b3%d8%ac%d9%86%d8%a7-%d9%86%d8%a7%d9%81%d8%b0%d8%a7-%d9%84%d9%82%d8%a7%d8%aa%d9%84%d8%a9-%d8%a7%d9%84%d8%b7%d8%a7%d9%84%d8%a8-%d8%a3%d9%86%d9%88%d8%b1-1471451.html,حسبي الله ونعم الوكيل صراحة يستهل اكثر اعدام,حوادث,24
19204999,15 سنة سجنا نافذا لقاتلة الطالب أنور,https://www.hespress.com/15-%d8%b3%d9%86%d8%a9-%d8%b3%d8%ac%d9%86%d8%a7-%d9%86%d8%a7%d9%81%d8%b0%d8%a7-%d9%84%d9%82%d8%a7%d8%aa%d9%84%d8%a9-%d8%a7%d9%84%d8%b7%d8%a7%d9%84%d8%a8-%d8%a3%d9%86%d9%88%d8%b1-1471451.html,حكم مخفف ولايشفي غليل ألاسرة المكلومة ..عقوبة القتل العمد لاتقل عن 30سنة إن لم نقل المؤبد او الإعدام ..الله يصبر الوالدين ويعوضهم خيرا…حال الدنيا يأتي بأخبار غير متوقعة,حوادث,44
19205010,15 سنة سجنا نافذا لقاتلة الطالب أنور,https://www.hespress.com/15-%d8%b3%d9%86%d8%a9-%d8%b3%d8%ac%d9%86%d8%a7-%d9%86%d8%a7%d9%81%d8%b0%d8%a7-%d9%84%d9%82%d8%a7%d8%aa%d9%84%d8%a9-%d8%a7%d9%84%d8%b7%d8%a7%d9%84%d8%a8-%d8%a3%d9%86%d9%88%d8%b1-1471451.html,كون كانت فامريكا  كون حكمو عليها  بالإعدام  .,حوادث,34
19205015,15 سنة سجنا نافذا لقاتلة الطالب أنور,https://www.hespress.com/15-%d8%b3%d9%86%d8%a9-%d8%b3%d8%ac%d9%86%d8%a7-%d9%86%d8%a7%d9%81%d8%b0%d8%a7-%d9%84%d9%82%d8%a7%d8%aa%d9%84%d8%a9-%d8%a7%d9%84%d8%b7%d8%a7%d9%84%d8%a8-%d8%a3%d9%86%d9%88%d8%b1-1471451.html,ما هذا الحكم المخفف!!! هل هذا هو القضاء المغربي!!!؟؟؟هذه عقوبتها الإعدام الحكم واضح للأعمى و البصير,حوادث,33
19205036,15 سنة سجنا نافذا لقاتلة الطالب أنور,https://www.hespress.com/15-%d8%b3%d9%86%d8%a9-%d8%b3%d8%ac%d9%86%d8%a7-%d9%86%d8%a7%d9%81%d8%b0%d8%a7-%d9%84%d9%82%d8%a7%d8%aa%d9%84%d8%a9-%d8%a7%d9%84%d8%b7%d8%a7%d9%84%d8%a8-%d8%a3%d9%86%d9%88%d8%b1-1471451.html,البلد الوحيد الذي لا ترى فيه حقوق الإنسان إلا في حالتين: إن صرت مجرما سيدافعون عن حقوقك كسجين او ان تصير شاذ جنسي لكي يقولون لك حقوق المثلية,حوادث,20
19205037,15 سنة سجنا نافذا لقاتلة الطالب أنور,https://www.hespress.com/15-%d8%b3%d9%86%d8%a9-%d8%b3%d8%ac%d9%86%d8%a7-%d9%86%d8%a7%d9%81%d8%b0%d8%a7-%d9%84%d9%82%d8%a7%d8%aa%d9%84%d8%a9-%d8%a7%d9%84%d8%b7%d8%a7%d9%84%d8%a8-%d8%a3%d9%86%d9%88%d8%b1-1471451.html,لنتصور ان العطس هو ما حدث: رجل يقتل فتاة ويسرق : كان سيحكم بالسجن المؤبد وفي أحسن الأحوال ب 30 سنة,حوادث,21
19205060,15 سنة سجنا نافذا لقاتلة الطالب أنور,https://www.hespress.com/15-%d8%b3%d9%86%d8%a9-%d8%b3%d8%ac%d9%86%d8%a7-%d9%86%d8%a7%d9%81%d8%b0%d8%a7-%d9%84%d9%82%d8%a7%d8%aa%d9%84%d8%a9-%d8%a7%d9%84%d8%b7%d8%a7%d9%84%d8%a8-%d8%a3%d9%86%d9%88%d8%b1-1471451.html,هذا حكم مخفف للأسف… الاعدام لكل قانل متعمد.,حوادث,17
19205065,15 سنة سجنا نافذا لقاتلة الطالب أنور,https://www.hespress.com/15-%d8%b3%d9%86%d8%a9-%d8%b3%d8%ac%d9%86%d8%a7-%d9%86%d8%a7%d9%81%d8%b0%d8%a7-%d9%84%d9%82%d8%a7%d8%aa%d9%84%d8%a9-%d8%a7%d9%84%d8%b7%d8%a7%d9%84%d8%a8-%d8%a3%d9%86%d9%88%d8%b1-1471451.html,هذه القضية غامضة جدا و احداثها هيتشكوكية و قيل عنها الكثير اين الحقيقة الله اعلم.,حوادث,8
19205080,15 سنة سجنا نافذا لقاتلة الطالب أنور,https://www.hespress.com/15-%d8%b3%d9%86%d8%a9-%d8%b3%d8%ac%d9%86%d8%a7-%d9%86%d8%a7%d9%81%d8%b0%d8%a7-%d9%84%d9%82%d8%a7%d8%aa%d9%84%d8%a9-%d8%a7%d9%84%d8%b7%d8%a7%d9%84%d8%a8-%d8%a3%d9%86%d9%88%d8%b1-1471451.html,"البنت قانونيا قاصر و القانون ينظر إلى الأوراق و ليس العاطفة أو اراء الآخرين,و الشيئ الثاني نسمع فقط الأخبار و لا نعرف محتوى الملف.سبب وجودهم مع بعض في شقة و لا علاقة قانونية أو شرعية مع بعضهم.",حوادث,5
19205087,15 سنة سجنا نافذا لقاتلة الطالب أنور,https://www.hespress.com/15-%d8%b3%d9%86%d8%a9-%d8%b3%d8%ac%d9%86%d8%a7-%d9%86%d8%a7%d9%81%d8%b0%d8%a7-%d9%84%d9%82%d8%a7%d8%aa%d9%84%d8%a9-%d8%a7%d9%84%d8%b7%d8%a7%d9%84%d8%a8-%d8%a3%d9%86%d9%88%d8%b1-1471451.html,"الله يرحم انور
تابعت الموضوع منذ بدايته و اظن ان أشياء كثيرة بقيت مبهمة و يجب إعادة النظر فيها لتوضيح الحقيقة الكاملة و الوصول الى القاتل الحقيقي
هذه امانة في عنق القضاء",حوادث,7
19205104,15 سنة سجنا نافذا لقاتلة الطالب أنور,https://www.hespress.com/15-%d8%b3%d9%86%d8%a9-%d8%b3%d8%ac%d9%86%d8%a7-%d9%86%d8%a7%d9%81%d8%b0%d8%a7-%d9%84%d9%82%d8%a7%d8%aa%d9%84%d8%a9-%d8%a7%d9%84%d8%b7%d8%a7%d9%84%d8%a8-%d8%a3%d9%86%d9%88%d8%b1-1471451.html,"الى تعليق رقم  1
فهي قتلته بالسكين وليس بصراع معه جسمانيا. فيمكن بحركة واحد غادرة ان تقتله دون حاجة ان تكون اقوى منه جسديا",حوادث,8
19205133,15 سنة سجنا نافذا لقاتلة الطالب أنور,https://www.hespress.com/15-%d8%b3%d9%86%d8%a9-%d8%b3%d8%ac%d9%86%d8%a7-%d9%86%d8%a7%d9%81%d8%b0%d8%a7-%d9%84%d9%82%d8%a7%d8%aa%d9%84%d8%a9-%d8%a7%d9%84%d8%b7%d8%a7%d9%84%d8%a8-%d8%a3%d9%86%d9%88%d8%b1-1471451.html,الحقيقة لايعلمها إلا الله وحده لاشريك له أين هو القصاص ياحضرة القاضي هذه روح أرهقت فى عز شبابها القتل العمد مع سبق…….وتحكم ب١٥ سنة هذه علامة استفهام كبيرة والفاهم يفهم وعند ربكم تختصمون.,حوادث,3
19205137,15 سنة سجنا نافذا لقاتلة الطالب أنور,https://www.hespress.com/15-%d8%b3%d9%86%d8%a9-%d8%b3%d8%ac%d9%86%d8%a7-%d9%86%d8%a7%d9%81%d8%b0%d8%a7-%d9%84%d9%82%d8%a7%d8%aa%d9%84%d8%a9-%d8%a7%d9%84%d8%b7%d8%a7%d9%84%d8%a8-%d8%a3%d9%86%d9%88%d8%b1-1471451.html,متابعة المتستر ب 10سنوات مبالغة، لأن رابط القرابة يلتمس العفو أمام القانون أو الحق المدني.,حوادث,2
19205147,15 سنة سجنا نافذا لقاتلة الطالب أنور,https://www.hespress.com/15-%d8%b3%d9%86%d8%a9-%d8%b3%d8%ac%d9%86%d8%a7-%d9%86%d8%a7%d9%81%d8%b0%d8%a7-%d9%84%d9%82%d8%a7%d8%aa%d9%84%d8%a9-%d8%a7%d9%84%d8%b7%d8%a7%d9%84%d8%a8-%d8%a3%d9%86%d9%88%d8%b1-1471451.html,حكم غير عادل قامت ب سلب حياة شاب ودمرت أسرة بأكملها هل 15 سنة ستشفي غليل الأسرة المكلومة او تعيد الشاب أنور إلى الحياة أظن لا الأحكام في المغرب غير منطقية هاته الشابة تستحق الإعدام او على الأقل المؤبد نظرا لبشاعة الجريمة فقد قامت ب ذبح الشاب أنور بعد 15 سنة سوف تعيش حياتها بشكل عادي لكن الشاب انور لن يعود أتمنى ان تتحقق العدالة الإلاهية في الدنيا قبل الآخرة,حوادث,3
19205160,15 سنة سجنا نافذا لقاتلة الطالب أنور,https://www.hespress.com/15-%d8%b3%d9%86%d8%a9-%d8%b3%d8%ac%d9%86%d8%a7-%d9%86%d8%a7%d9%81%d8%b0%d8%a7-%d9%84%d9%82%d8%a7%d8%aa%d9%84%d8%a9-%d8%a7%d9%84%d8%b7%d8%a7%d9%84%d8%a8-%d8%a3%d9%86%d9%88%d8%b1-1471451.html,أصبح القضاء في المغرب مسيس من طرف الفيمينيزم النسوية بسطت سيطرتها على كل شيء في المغرب تخيل معي قاصر تحرش ب شابة حكم عليه ب 3 سنوات وشابة قامت ب ذبح شاب ب طريقة بشعة سلبت حقه في الحياة حكم عليها ب 15 سنة هل هذا يعقل ؟  جميع الامتيازات أصبحت للأنثى في هذا الزمان الرجل أصبح مظلوما و مضطهدا حتى القضاء اصبح ضده ولا ينصفه,حوادث,2
19205164,15 سنة سجنا نافذا لقاتلة الطالب أنور,https://www.hespress.com/15-%d8%b3%d9%86%d8%a9-%d8%b3%d8%ac%d9%86%d8%a7-%d9%86%d8%a7%d9%81%d8%b0%d8%a7-%d9%84%d9%82%d8%a7%d8%aa%d9%84%d8%a9-%d8%a7%d9%84%d8%b7%d8%a7%d9%84%d8%a8-%d8%a3%d9%86%d9%88%d8%b1-1471451.html,كنت تعطيوها البراءة أحسن ولا تحبسوا الوالدين ديالو لما رباوهش مزيان و خلاوه ساكن بوحدو.. بصراحة نهار القضاء يتقاد عاد غادي نزيدوا لقدام..,حوادث,4
19205183,15 سنة سجنا نافذا لقاتلة الطالب أنور,https://www.hespress.com/15-%d8%b3%d9%86%d8%a9-%d8%b3%d8%ac%d9%86%d8%a7-%d9%86%d8%a7%d9%81%d8%b0%d8%a7-%d9%84%d9%82%d8%a7%d8%aa%d9%84%d8%a9-%d8%a7%d9%84%d8%b7%d8%a7%d9%84%d8%a8-%d8%a3%d9%86%d9%88%d8%b1-1471451.html,"قتل والحكم ب 15 سنة سجنا.
أي قضاء هذا اللذي يسامح في قضية قتل مواطن. القتل يساوي إعدام هذا ما فرضه الله على المسلمين",حوادث,0
19205198,15 سنة سجنا نافذا لقاتلة الطالب أنور,https://www.hespress.com/15-%d8%b3%d9%86%d8%a9-%d8%b3%d8%ac%d9%86%d8%a7-%d9%86%d8%a7%d9%81%d8%b0%d8%a7-%d9%84%d9%82%d8%a7%d8%aa%d9%84%d8%a9-%d8%a7%d9%84%d8%b7%d8%a7%d9%84%d8%a8-%d8%a3%d9%86%d9%88%d8%b1-1471451.html,"الذكور القاصرين الذين اعترضوا فتاة طنجة تم الحكم عليهم بأقصى العقوبات على الرغم من أنهم قاصرين وقال مؤيدي هذا الحكم أن القاصرين جائز معاقبتهم إسوة بالبالغين لكن هنا نرى تبريرا لظروف التخفيف لصالح الفتاة بحجة أنها قاصر ولو كانوا مكان القاضي لحكموا عليها بالبراءة، ممكن نعرف ما الذي يحدث في هذا البلد؟ لأنني أرى أنه ثمة هناك ازدواجية المعايير  في التعامل مع الذكور والإناث.
كيف لإنسان ارتكب جريمة قتل عن سبق الإصرار والترصد يحصل على 15 سنة سجنا؟",حوادث,1
19205215,15 سنة سجنا نافذا لقاتلة الطالب أنور,https://www.hespress.com/15-%d8%b3%d9%86%d8%a9-%d8%b3%d8%ac%d9%86%d8%a7-%d9%86%d8%a7%d9%81%d8%b0%d8%a7-%d9%84%d9%82%d8%a7%d8%aa%d9%84%d8%a9-%d8%a7%d9%84%d8%b7%d8%a7%d9%84%d8%a8-%d8%a3%d9%86%d9%88%d8%b1-1471451.html,حسب رأي المتواضع ،الكثير من الاخوان المعلقين يرون أن هدا الحكم كان مخففا ،و أضن أن هاته التعاليق طالتها العاطفة ليس الا ،لكون المتهمة ربما استفادت من ظروف التخفيف لكونها كانت تحت تأثير المخدرات أو الكحول ،و من له اطلاع على قانون المسطرة الجنائية المغربية ،سيساطرني  الرأي ،لكون الشخص الدي يرتكب جناية تحت تأثير الكحول والمخدرات ،يعتبر ظرفا من ظروف التخفيف,حوادث,-2
19205013,حملة رقمية تناهض تزويج الطفلات‎,https://www.hespress.com/%d8%ad%d9%85%d9%84%d8%a9-%d8%b1%d9%82%d9%85%d9%8a%d8%a9-%d8%aa%d9%86%d8%a7%d9%87%d8%b6-%d8%aa%d8%b2%d9%88%d9%8a%d8%ac-%d8%a7%d9%84%d8%b7%d9%81%d9%84%d8%a7%d8%aa-1471005.html,الله يجيب شي قاصرة للزواج على سنة الله ورسوله,عين على السوشل ميديا,-13
19205022,حملة رقمية تناهض تزويج الطفلات‎,https://www.hespress.com/%d8%ad%d9%85%d9%84%d8%a9-%d8%b1%d9%82%d9%85%d9%8a%d8%a9-%d8%aa%d9%86%d8%a7%d9%87%d8%b6-%d8%aa%d8%b2%d9%88%d9%8a%d8%ac-%d8%a7%d9%84%d8%b7%d9%81%d9%84%d8%a7%d8%aa-1471005.html,منع القاصرات من الفساد امام  ابواب المدارس  اولى من منع تزويج القاصرات,عين على السوشل ميديا,5
19205028,حملة رقمية تناهض تزويج الطفلات‎,https://www.hespress.com/%d8%ad%d9%85%d9%84%d8%a9-%d8%b1%d9%82%d9%85%d9%8a%d8%a9-%d8%aa%d9%86%d8%a7%d9%87%d8%b6-%d8%aa%d8%b2%d9%88%d9%8a%d8%ac-%d8%a7%d9%84%d8%b7%d9%81%d9%84%d8%a7%d8%aa-1471005.html,الزواج ما لقاوه حتى العانسات، مابقى عير القاصرات، طبول وحركات من اجل الدعم المادي لا غير,عين على السوشل ميديا,1
19205063,حملة رقمية تناهض تزويج الطفلات‎,https://www.hespress.com/%d8%ad%d9%85%d9%84%d8%a9-%d8%b1%d9%82%d9%85%d9%8a%d8%a9-%d8%aa%d9%86%d8%a7%d9%87%d8%b6-%d8%aa%d8%b2%d9%88%d9%8a%d8%ac-%d8%a7%d9%84%d8%b7%d9%81%d9%84%d8%a7%d8%aa-1471005.html,الفتاة حين تبلغ يجوز لها الزواج وهذا جلي في ديننا لكن من حقها أن تتزوج في بلوغ سن 18 سنة فهؤلاء الجمعيات كل مايتعارض مع الدين تجدهم أول من يطالب به فحتى سن 18 سنة لا تقنعهم لأنهن ضد الزواج لأنه مقدس عندنا كمسلمين فالمقدس عندهم لا مكان له في مجتمعنا.,عين على السوشل ميديا,-1
19205067,حملة رقمية تناهض تزويج الطفلات‎,https://www.hespress.com/%d8%ad%d9%85%d9%84%d8%a9-%d8%b1%d9%82%d9%85%d9%8a%d8%a9-%d8%aa%d9%86%d8%a7%d9%87%d8%b6-%d8%aa%d8%b2%d9%88%d9%8a%d8%ac-%d8%a7%d9%84%d8%b7%d9%81%d9%84%d8%a7%d8%aa-1471005.html,جواج ب القاصرات خاصو يتمنع حيتاش غير الفقراء هوما لي كاي كونو ضحية ديالو، لي ميسرين راه كاي بغيو بناتهم يقراو، للأسف شي متشددين كاي ستغلو الفقر ديال العائلات باش يتجوجو ب القاصرات,عين على السوشل ميديا,6
19205073,حملة رقمية تناهض تزويج الطفلات‎,https://www.hespress.com/%d8%ad%d9%85%d9%84%d8%a9-%d8%b1%d9%82%d9%85%d9%8a%d8%a9-%d8%aa%d9%86%d8%a7%d9%87%d8%b6-%d8%aa%d8%b2%d9%88%d9%8a%d8%ac-%d8%a7%d9%84%d8%b7%d9%81%d9%84%d8%a7%d8%aa-1471005.html,"حملة متجاوزة تحن إلى الألفية السابقة.
الأجيال الجديدة لها انشغالات أخرى غير هذا الموضوع.",عين على السوشل ميديا,-1
19205108,حملة رقمية تناهض تزويج الطفلات‎,https://www.hespress.com/%d8%ad%d9%85%d9%84%d8%a9-%d8%b1%d9%82%d9%85%d9%8a%d8%a9-%d8%aa%d9%86%d8%a7%d9%87%d8%b6-%d8%aa%d8%b2%d9%88%d9%8a%d8%ac-%d8%a7%d9%84%d8%b7%d9%81%d9%84%d8%a7%d8%aa-1471005.html,"مناهضة تزويج الفتيات على سنة الله ورسوله..
ولكن الشطيح والزنى والمجون والانحلال الاخلاقي ماشي موشكيل…
فين غادين بهاد لبلاد   احمادي",عين على السوشل ميديا,-2
19205209,حملة رقمية تناهض تزويج الطفلات‎,https://www.hespress.com/%d8%ad%d9%85%d9%84%d8%a9-%d8%b1%d9%82%d9%85%d9%8a%d8%a9-%d8%aa%d9%86%d8%a7%d9%87%d8%b6-%d8%aa%d8%b2%d9%88%d9%8a%d8%ac-%d8%a7%d9%84%d8%b7%d9%81%d9%84%d8%a7%d8%aa-1471005.html,يجب انشاء فرع لشرطة خصيصا للقاصرين اولاد وبنات يجوب الشوارع والمناطق السياحية لتفادي استغلالهم في الاتجار في المخدرات والجنس كما في دول عديدة هناك شرطة القاصرين,عين على السوشل ميديا,0
19205248,خارجية فرنسا: نتنياهو يتمتع بالحصانة,https://www.hespress.com/%d8%ae%d8%a7%d8%b1%d8%ac%d9%8a%d8%a9-%d9%81%d8%b1%d9%86%d8%b3%d8%a7-%d9%86%d8%aa%d9%86%d9%8a%d8%a7%d9%87%d9%88-%d9%8a%d8%aa%d9%85%d8%aa%d8%b9-%d8%a8%d8%a7%d9%84%d8%ad%d8%b5%d8%a7%d9%86%d8%a9-1471514.html,ومع ذلك لن يستطيع زيارة فرنسا. لأن رجال المغرب والجزائر وتونس وأفريقيا الأحرار له بالمرصاد هنالك,خارج الحدود,-8
19205260,خارجية فرنسا: نتنياهو يتمتع بالحصانة,https://www.hespress.com/%d8%ae%d8%a7%d8%b1%d8%ac%d9%8a%d8%a9-%d9%81%d8%b1%d9%86%d8%b3%d8%a7-%d9%86%d8%aa%d9%86%d9%8a%d8%a7%d9%87%d9%88-%d9%8a%d8%aa%d9%85%d8%aa%d8%b9-%d8%a8%d8%a7%d9%84%d8%ad%d8%b5%d8%a7%d9%86%d8%a9-1471514.html,أحرار العالم المناهضين للصهيونية العالمية و الاحتلال الصهيوني الغاصب لفلسطين المحتلة كلهم يقين أن مجرم الحرب الإرهابي نتنياهو و من على شاكلته و من يدعم الإرهاب الصهيوني المنظم في الغرب الاستعماري الرأسمالي المنافق ضد الشعب الفلسطيني الأعزل و المقاوم في غزة الصامدة و المحاصرة لن تتم محاكمته رغم صدور مذكرة اعتقاله من طرف الجنائية الدولية,خارج الحدود,0
19205263,خارجية فرنسا: نتنياهو يتمتع بالحصانة,https://www.hespress.com/%d8%ae%d8%a7%d8%b1%d8%ac%d9%8a%d8%a9-%d9%81%d8%b1%d9%86%d8%b3%d8%a7-%d9%86%d8%aa%d9%86%d9%8a%d8%a7%d9%87%d9%88-%d9%8a%d8%aa%d9%85%d8%aa%d8%b9-%d8%a8%d8%a7%d9%84%d8%ad%d8%b5%d8%a7%d9%86%d8%a9-1471514.html,وماذا عن الحصانة الربانية . (عند ربكم تختصمون),خارج الحدود,0
19205229,مهرجان تجويد القرآن يكرم الهيلالي,https://www.hespress.com/%d9%85%d9%87%d8%b1%d8%ac%d8%a7%d9%86-%d8%aa%d8%ac%d9%88%d9%8a%d8%af-%d8%a7%d9%84%d9%82%d8%b1%d8%a2%d9%86-%d9%8a%d9%83%d8%b1%d9%85-%d8%a7%d9%84%d9%87%d9%8a%d9%84%d8%a7%d9%84%d9%8a-1471229.html,هذه هي المهرجانات التي نحتاجها لتنمية أبنائنا أخلاقيا و دينيا و علميا بعيدا السوشيال ميديا و مهرجانات الرقص,فن وثقافة,2
19205202,قيادات فلسطينية: الرسالة الملكية تؤكد دور المغرب في الدفاع عن القضية العادلة,https://www.hespress.com/%d9%82%d9%8a%d8%a7%d8%af%d8%a7%d8%aa-%d9%81%d9%84%d8%b3%d8%b7%d9%8a%d9%86%d9%8a%d8%a9-%d8%a7%d9%84%d8%b1%d8%b3%d8%a7%d9%84%d8%a9-%d8%a7%d9%84%d9%85%d9%84%d9%83%d9%8a%d8%a9-%d8%aa%d8%b9%d9%83%d8%b3-1471506.html,القضية الفلسطينية هي القضية الثانية للدولة المغربية بعد الوحدة الترابية. حفظ الله مولانا أمير المؤمنين وحامي حمى الملة والدين جلالة الملك محمد السادس.,سياسة,3
19205152,انتقادات لحديقة الحيوانات في البيضاء,https://www.hespress.com/%d8%a7%d9%86%d8%aa%d9%82%d8%a7%d8%af%d8%a7%d8%aa-%d9%84%d8%ad%d8%af%d9%8a%d9%82%d8%a9-%d8%a7%d9%84%d8%ad%d9%8a%d9%88%d8%a7%d9%86%d8%a7%d8%aa-%d9%81%d9%8a-%d8%a7%d9%84%d8%a8%d9%8a%d8%b6%d8%a7%d8%a1-1471352.html,100 درهم واش غادي نلقاو ملكة جمال الادغال ديال الغابة را كازا براسها غول,جهات,8
19205185,انتقادات لحديقة الحيوانات في البيضاء,https://www.hespress.com/%d8%a7%d9%86%d8%aa%d9%82%d8%a7%d8%af%d8%a7%d8%aa-%d9%84%d8%ad%d8%af%d9%8a%d9%82%d8%a9-%d8%a7%d9%84%d8%ad%d9%8a%d9%88%d8%a7%d9%86%d8%a7%d8%aa-%d9%81%d9%8a-%d8%a7%d9%84%d8%a8%d9%8a%d8%b6%d8%a7%d8%a1-1471352.html,وأين هي الأموال التي تنفقها الجماعة على المهراجانات التافهة،  كان الأولى أن تنفقها على الحديقة عوض تحميل المواطن الفقير تكاليف تسييرها ، الدخول إلى الحديقة يجب أن يكون بثمن رمزي لايتعدى عشرين درهم للكبار وعشرة دراهم للصغار ، نحن نعيش في المغرب وليس في السويد.,جهات,15
19205199,انتقادات لحديقة الحيوانات في البيضاء,https://www.hespress.com/%d8%a7%d9%86%d8%aa%d9%82%d8%a7%d8%af%d8%a7%d8%aa-%d9%84%d8%ad%d8%af%d9%8a%d9%82%d8%a9-%d8%a7%d9%84%d8%ad%d9%8a%d9%88%d8%a7%d9%86%d8%a7%d8%aa-%d9%81%d9%8a-%d8%a7%d9%84%d8%a8%d9%8a%d8%b6%d8%a7%d8%a1-1471352.html,المغاربة بغاو كلشي بالمجان،واش ما فكروش بان حديقة الحيوانات تتطلب نقود كثيرة لاكل الحيوانات و تطبيبهم و صيانة الحديقة ووووو، و خصوصا النظافة لان اكيد زوارها سملأونها بالازبال. زائد نفترض انا خلصت 80 درهم باش ندخل،ماشي غادي ندخل ليها يوميا ولا اسبوعيا و لا حتى شهريا، هي تتكون زيارة وحدة فقط ولا  فالعام كاع,جهات,-5
19205204,انتقادات لحديقة الحيوانات في البيضاء,https://www.hespress.com/%d8%a7%d9%86%d8%aa%d9%82%d8%a7%d8%af%d8%a7%d8%aa-%d9%84%d8%ad%d8%af%d9%8a%d9%82%d8%a9-%d8%a7%d9%84%d8%ad%d9%8a%d9%88%d8%a7%d9%86%d8%a7%d8%aa-%d9%81%d9%8a-%d8%a7%d9%84%d8%a8%d9%8a%d8%b6%d8%a7%d8%a1-1471352.html,إذا كانت الشركة التي ستدبر هذا المشروع العمومي هي نفسها تملك مشروع خاص وتقدم فيه نفس الخدمات إذن من الطبيعي أن تكون الأثمنة أغلى لكي لا يتناطح العنزان و تشتبك الغزلان,جهات,-2
19205211,انتقادات لحديقة الحيوانات في البيضاء,https://www.hespress.com/%d8%a7%d9%86%d8%aa%d9%82%d8%a7%d8%af%d8%a7%d8%aa-%d9%84%d8%ad%d8%af%d9%8a%d9%82%d8%a9-%d8%a7%d9%84%d8%ad%d9%8a%d9%88%d8%a7%d9%86%d8%a7%d8%aa-%d9%81%d9%8a-%d8%a7%d9%84%d8%a8%d9%8a%d8%b6%d8%a7%d8%a1-1471352.html,"السلام
على رءيس المقاطعة و هدا المستشار الكلايبي ان برفضوا هده التعريفة و ان تساهم المقاطعة و لو ب 1٪ في دعم تعريفة الولوج الحديقة لان 80 درهم مبلغ مبالغ فيه كتيرا مع العالم ان الساكنة في العمالة و العملات المجاورة من الطبقة الفقيرة و المتوسطة لان  مقاطعة عين السبع من أغنى الجماعات على المستوى الوطني و دلك لوجود احياء صناعية في شارع الشفشاوني و منطقة عكاشة ناهيك عن معارض السيارات الفارهة في شارع مولاي سليمان دون الحديت عن المطاعم و المقاهي الشاطءية و الاسواق البلدية و جزء من ميناء و ملعب العربي الأولي   يعني توجد مداخيل و ضراءب و رسوم تضخ في ميزانية الجماعة و مع دلك يظهر ان الجماعة تعاني مع المكتب و المجلس الجماعي لا بنية تحتية لا طرق لا فضاءات شوارع ضيقة ازدحام وقت الدروة خصوصا شارع مولاي اسماعيل .",جهات,2
19205221,انتقادات لحديقة الحيوانات في البيضاء,https://www.hespress.com/%d8%a7%d9%86%d8%aa%d9%82%d8%a7%d8%af%d8%a7%d8%aa-%d9%84%d8%ad%d8%af%d9%8a%d9%82%d8%a9-%d8%a7%d9%84%d8%ad%d9%8a%d9%88%d8%a7%d9%86%d8%a7%d8%aa-%d9%81%d9%8a-%d8%a7%d9%84%d8%a8%d9%8a%d8%b6%d8%a7%d8%a1-1471352.html,ليست لهم أفكا  للعمال عليها سوى.طباقيية بينا  لمواطنيين لنهب جييوبهم  من 5دراهم إلى 100درهم  يجب تهيأت محلات تجارية ومقاهي وأكشاك لإرادت لموارد المالية .معا.تدكيرات.20للمواطنيين,جهات,1
19205223,انتقادات لحديقة الحيوانات في البيضاء,https://www.hespress.com/%d8%a7%d9%86%d8%aa%d9%82%d8%a7%d8%af%d8%a7%d8%aa-%d9%84%d8%ad%d8%af%d9%8a%d9%82%d8%a9-%d8%a7%d9%84%d8%ad%d9%8a%d9%88%d8%a7%d9%86%d8%a7%d8%aa-%d9%81%d9%8a-%d8%a7%d9%84%d8%a8%d9%8a%d8%b6%d8%a7%d8%a1-1471352.html,على المسؤولين على حديقة الحيوانات اعادة النظر في اثمنة ولوج الحديقة لانه مبالغ فيها كثير اد كيف يعقل موضف عادي ابغا ايساري اوليداتو مثلا عندو  2 اولاد او هو او الزوجة بالنسبة له مبلغ خيالي و ادا دخل مرة فانه لم يعد مرة ثانية الى الابد في الدول المتقدمة يكون الثمن رمزي,جهات,1
19205225,انتقادات لحديقة الحيوانات في البيضاء,https://www.hespress.com/%d8%a7%d9%86%d8%aa%d9%82%d8%a7%d8%af%d8%a7%d8%aa-%d9%84%d8%ad%d8%af%d9%8a%d9%82%d8%a9-%d8%a7%d9%84%d8%ad%d9%8a%d9%88%d8%a7%d9%86%d8%a7%d8%aa-%d9%81%d9%8a-%d8%a7%d9%84%d8%a8%d9%8a%d8%b6%d8%a7%d8%a1-1471352.html,والله لا مشيت ليها. حديقة الرباط ديت ليها ولادي وتهنييييت، لا علاقة مع حديقة عين الضبع، الهايش مايش فينما مشيت فهاد كازا. كرهتوني فيها، أكبر أمنية عندي نخرج منها,جهات,0
19205227,انتقادات لحديقة الحيوانات في البيضاء,https://www.hespress.com/%d8%a7%d9%86%d8%aa%d9%82%d8%a7%d8%af%d8%a7%d8%aa-%d9%84%d8%ad%d8%af%d9%8a%d9%82%d8%a9-%d8%a7%d9%84%d8%ad%d9%8a%d9%88%d8%a7%d9%86%d8%a7%d8%aa-%d9%81%d9%8a-%d8%a7%d9%84%d8%a8%d9%8a%d8%b6%d8%a7%d8%a1-1471352.html,"هذه حديقة حيوانات عمومية تم انشاؤها من الضرائب المقتطعة من أموال الساكنة،والمفروض على المسؤولين ان يدركوا ان هذا الثمن ليس في متناول العموم وحتى الطبقة المتوسطة  لذا فهي محكوم عليها بالافلاس منذ البداية.لذا الثمن المعقول هو 30درهما للكبار و20للصغار
انتوا لنبض الشارع .",جهات,-1
19205234,انتقادات لحديقة الحيوانات في البيضاء,https://www.hespress.com/%d8%a7%d9%86%d8%aa%d9%82%d8%a7%d8%af%d8%a7%d8%aa-%d9%84%d8%ad%d8%af%d9%8a%d9%82%d8%a9-%d8%a7%d9%84%d8%ad%d9%8a%d9%88%d8%a7%d9%86%d8%a7%d8%aa-%d9%81%d9%8a-%d8%a7%d9%84%d8%a8%d9%8a%d8%b6%d8%a7%d8%a1-1471352.html,هاد السعر مرتفع جدا ، حديقة الحيوانات في تمارة بالرباط أحسن بكثير من حديقة عين السبع ومافيها هاد التسعيرة المرتفعة ….,جهات,-2
19205254,انتقادات لحديقة الحيوانات في البيضاء,https://www.hespress.com/%d8%a7%d9%86%d8%aa%d9%82%d8%a7%d8%af%d8%a7%d8%aa-%d9%84%d8%ad%d8%af%d9%8a%d9%82%d8%a9-%d8%a7%d9%84%d8%ad%d9%8a%d9%88%d8%a7%d9%86%d8%a7%d8%aa-%d9%81%d9%8a-%d8%a7%d9%84%d8%a8%d9%8a%d8%b6%d8%a7%d8%a1-1471352.html,"تمخض الفيل فولد فأرا
فرق كبير مع حديقة الرباط",جهات,0
19205158,الجيش اللبناني يدعو النازحين إلى التريث,https://www.hespress.com/%d8%ac%d9%8a%d8%b4-%d9%84%d8%a8%d9%86%d8%a7%d9%86-%d9%8a%d8%af%d8%b9%d9%88-%d8%a7%d9%84%d9%86%d8%a7%d8%b2%d8%ad%d9%8a%d9%86-%d8%a5%d9%84%d9%89-%d8%a7%d9%84%d8%aa%d8%b1%d9%8a%d8%ab-1471442.html,"لماذا هذا الجيش لا يحارب اولا ما يسمى بي جماعة حزب الله.
لبقى هو الوحيد الذي يحمل السلاح في لبنان",خارج الحدود,-1
19205171,الجيش اللبناني يدعو النازحين إلى التريث,https://www.hespress.com/%d8%ac%d9%8a%d8%b4-%d9%84%d8%a8%d9%86%d8%a7%d9%86-%d9%8a%d8%af%d8%b9%d9%88-%d8%a7%d9%84%d9%86%d8%a7%d8%b2%d8%ad%d9%8a%d9%86-%d8%a5%d9%84%d9%89-%d8%a7%d9%84%d8%aa%d8%b1%d9%8a%d8%ab-1471442.html,جيش لبنان اي جيش هذا لم نرى ولم نسمع به حتى هذه اللحظة التي أعلن فيها عن وقف الحرب,خارج الحدود,12
19205188,الجيش اللبناني يدعو النازحين إلى التريث,https://www.hespress.com/%d8%ac%d9%8a%d8%b4-%d9%84%d8%a8%d9%86%d8%a7%d9%86-%d9%8a%d8%af%d8%b9%d9%88-%d8%a7%d9%84%d9%86%d8%a7%d8%b2%d8%ad%d9%8a%d9%86-%d8%a5%d9%84%d9%89-%d8%a7%d9%84%d8%aa%d8%b1%d9%8a%d8%ab-1471442.html,الجيش بالاسم فقط . الجيش الدي لا يحمي شعبه فهو عبارة عن دمية او بروتوكول لا اقل او اكتر.,خارج الحدود,6
19205126,الحكم في قضية الطالب أنور,https://www.hespress.com/%d8%a7%d9%84%d8%ad%d9%83%d9%85-%d9%81%d9%8a-%d9%82%d8%b6%d9%8a%d8%a9-%d8%a7%d9%84%d8%b7%d8%a7%d9%84%d8%a8-%d8%a3%d9%86%d9%88%d8%b1-1471492.html,"لا حول و لا قوة إلا بالله العلي العظيم.  اللهم ارحم الشاب أنور و ارزق أهله الصبر و السلوان.
قال تعالى “يا أيها الذين آمنوا لا تسألوا عن أشياء إن تبد لكم تسؤكم “في نظري المتواضع،عدم إجابة المحكمة عن التساؤلات يمكن أن يكون لسببين. إما هو تغاض عن قصد لأن المحكمة ارتأت أن تحتفض ببعض الحقائق لأنها لا تفيد في شيء، أو لربما أن ما هو مصرح به هو أقصى ما توصلت إليه تحريات الشرطة و المحكمة. و الله أعلم.",صوت وصورة,7
19205192,الحكم في قضية الطالب أنور,https://www.hespress.com/%d8%a7%d9%84%d8%ad%d9%83%d9%85-%d9%81%d9%8a-%d9%82%d8%b6%d9%8a%d8%a9-%d8%a7%d9%84%d8%b7%d8%a7%d9%84%d8%a8-%d8%a3%d9%86%d9%88%d8%b1-1471492.html,"لا عدالة في الأرض الا عدالة الله سبحانه وتعالى
وعند الله تجتمع الخصوم
الله يرحمه ويصبر أهله
ان لله وانا إليه راجعون",صوت وصورة,3
19205213,الحكم في قضية الطالب أنور,https://www.hespress.com/%d8%a7%d9%84%d8%ad%d9%83%d9%85-%d9%81%d9%8a-%d9%82%d8%b6%d9%8a%d8%a9-%d8%a7%d9%84%d8%b7%d8%a7%d9%84%d8%a8-%d8%a3%d9%86%d9%88%d8%b1-1471492.html,أين النساء المغربيات لإدانة هذا الحكم الجائر أليس هن غيورات ومدافعات عن حقوق الإنسان؟,صوت وصورة,5
19205240,الحكم في قضية الطالب أنور,https://www.hespress.com/%d8%a7%d9%84%d8%ad%d9%83%d9%85-%d9%81%d9%8a-%d9%82%d8%b6%d9%8a%d8%a9-%d8%a7%d9%84%d8%b7%d8%a7%d9%84%d8%a8-%d8%a3%d9%86%d9%88%d8%b1-1471492.html,الروح عزيزة عند الله وستتضح أسباب الوفاة كلها ان شاء الله,صوت وصورة,1
19205061,قرار المحكمة الأوروبية يستدعي وضوح بروكسيل بشأن قضية الصحراء,https://www.hespress.com/%d9%82%d8%b1%d8%a7%d8%b1-%d8%a7%d9%84%d9%85%d8%ad%d9%83%d9%85%d8%a9-%d8%a7%d9%84%d8%a3%d9%88%d8%b1%d9%88%d8%a8%d9%8a%d8%a9-%d9%8a%d8%b3%d8%aa%d8%af%d8%b9%d9%8a-%d9%88%d8%b6%d9%88%d8%ad-%d8%a8-1471139.html,مع كل أسف الإتحاد لايمكنه تجاوز قرار المحكمة الأوروبية (هم يتكلمون بكلام فضفاض عن المغرب لكن لايوضحون حدوده الجغرافية) ، أما قضية دعم بعض دوله لقضية الصحراء فماهي إلا محاولة إرضاء وتموضع و ما دامت باللجنة الرابعة للأمم المتحدة، عندما تغلق القضية بالأمم المتحدة يمكن للعلاقة مع الإتحاد أن تأخذ مجرى آخر.,سياسة,14
19205071,قرار المحكمة الأوروبية يستدعي وضوح بروكسيل بشأن قضية الصحراء,https://www.hespress.com/%d9%82%d8%b1%d8%a7%d8%b1-%d8%a7%d9%84%d9%85%d8%ad%d9%83%d9%85%d8%a9-%d8%a7%d9%84%d8%a3%d9%88%d8%b1%d9%88%d8%a8%d9%8a%d8%a9-%d9%8a%d8%b3%d8%aa%d8%af%d8%b9%d9%8a-%d9%88%d8%b6%d9%88%d8%ad-%d8%a8-1471139.html,الجهود الديبلوماسية يلزمها دعم صاحبة الجلالة السلطة الرابعة المطالبة بتجديد نخب المحللين والمفكرين الاقتصاديين والسياسيين الكلاسيكيين من مريدي المدهب الأوروبي المتعودين على قراءة التطورات على أنغام ما تمليه بروكسيل، وتعويضهم بنخبة أكثر واقعية وإلماما بما تستدعيه المرحلة من يقظة وحس استباقي في التعاطي مع المؤسسات الأوروبية وأجنداتها. ..,سياسة,6
19205078,قرار المحكمة الأوروبية يستدعي وضوح بروكسيل بشأن قضية الصحراء,https://www.hespress.com/%d9%82%d8%b1%d8%a7%d8%b1-%d8%a7%d9%84%d9%85%d8%ad%d9%83%d9%85%d8%a9-%d8%a7%d9%84%d8%a3%d9%88%d8%b1%d9%88%d8%a8%d9%8a%d8%a9-%d9%8a%d8%b3%d8%aa%d8%af%d8%b9%d9%8a-%d9%88%d8%b6%d9%88%d8%ad-%d8%a8-1471139.html,الحل الوحيد لهذا المشكل هو اعتراف أوروبا بالصحراء المغربية,سياسة,6
19205101,قرار المحكمة الأوروبية يستدعي وضوح بروكسيل بشأن قضية الصحراء,https://www.hespress.com/%d9%82%d8%b1%d8%a7%d8%b1-%d8%a7%d9%84%d9%85%d8%ad%d9%83%d9%85%d8%a9-%d8%a7%d9%84%d8%a3%d9%88%d8%b1%d9%88%d8%a8%d9%8a%d8%a9-%d9%8a%d8%b3%d8%aa%d8%af%d8%b9%d9%8a-%d9%88%d8%b6%d9%88%d8%ad-%d8%a8-1471139.html,الحزم ثم الحزم ، لا نقاش في مغربية الصحراء ، الاتحاد الاوروبي   ضعيف الشخصية ي سياسيا ، قد تبين ان لا افعال متزنة ولا ردود افعال عاقلة ، ونرى ذلك في ملف  روسيا  اكرانيا.  لا يهمنا سياستهم المرتجلة والتحرشات ، ما يهمنا هو ان المغرب في صحرائه ، بثرواتها و بحرها ورمالها وثراثها  ،اما ساكنتها فحسمت الامر بالبيعة . سيأتي يوما تندم فيه اروبا ،لما  نتعامل اكثر مع الصين ،روسيا ،الولايات المتحدة ،تركيا،البرازيل الهند باكستان ، الدول الافريقية العاقلة .,سياسة,9
19205112,قرار المحكمة الأوروبية يستدعي وضوح بروكسيل بشأن قضية الصحراء,https://www.hespress.com/%d9%82%d8%b1%d8%a7%d8%b1-%d8%a7%d9%84%d9%85%d8%ad%d9%83%d9%85%d8%a9-%d8%a7%d9%84%d8%a3%d9%88%d8%b1%d9%88%d8%a8%d9%8a%d8%a9-%d9%8a%d8%b3%d8%aa%d8%af%d8%b9%d9%8a-%d9%88%d8%b6%d9%88%d8%ad-%d8%a8-1471139.html,تحدير الدبلوماسية المغربية يمكن بتلك المساعدة ديال 200مليون اورو سنفقض بعض النقاط التي احرزناها بالنسبة لقضية الصحراء على العموم يجب الحدر وقطع اشواط اخرى لحسم هدا الملف   ربما الاروبيون يلعبون على الوقت لتاخير الحسم في هذا الملف وربما لا ءعادته إلى النقطة الأولى و هدا ما يبحث عنه أعداء الوحدة الترابية للمملكة المغربية ولكم في المحكمة الأوروبية خير دليل والكلام كتير وواضح وشكرا,سياسة,3
19205128,قرار المحكمة الأوروبية يستدعي وضوح بروكسيل بشأن قضية الصحراء,https://www.hespress.com/%d9%82%d8%b1%d8%a7%d8%b1-%d8%a7%d9%84%d9%85%d8%ad%d9%83%d9%85%d8%a9-%d8%a7%d9%84%d8%a3%d9%88%d8%b1%d9%88%d8%a8%d9%8a%d8%a9-%d9%8a%d8%b3%d8%aa%d8%af%d8%b9%d9%8a-%d9%88%d8%b6%d9%88%d8%ad-%d8%a8-1471139.html,"قرار محكمة العدل الأوروبية كان متحيزا للانفصال و لا يتماشى مع قرارات الامم المتحدة و لا يتماشى مع راي الدول الاوروبية المعترفة بسيادة المغرب على صحراءه
عليهم اولا ان يتفاهموا فيما بينهم و الخروج بموقف واقعي موحد
 اما المغرب فعليه التعامل فقط مع الدول الاوروبية التي تعترف بالسيادة المغربية على صحراءه فيما يخص اتفاقيتي الفلاخة و الصيد البحري",سياسة,-1
19205136,قرار المحكمة الأوروبية يستدعي وضوح بروكسيل بشأن قضية الصحراء,https://www.hespress.com/%d9%82%d8%b1%d8%a7%d8%b1-%d8%a7%d9%84%d9%85%d8%ad%d9%83%d9%85%d8%a9-%d8%a7%d9%84%d8%a3%d9%88%d8%b1%d9%88%d8%a8%d9%8a%d8%a9-%d9%8a%d8%b3%d8%aa%d8%af%d8%b9%d9%8a-%d9%88%d8%b6%d9%88%d8%ad-%d8%a8-1471139.html,"لا يمكن و من المستحيل نكران المواطنين المغاربة في الصحراء المغربية
الواقع هو عدة أجيال مغاربة يعيشون في الصحراء منذ عقود و جنسيتهم مواطنين مغاربة و لا يقبلون أبدا بتغيير إنتماءهم و شعارهم الله الوطن الملك",سياسة,-1
19205138,قرار المحكمة الأوروبية يستدعي وضوح بروكسيل بشأن قضية الصحراء,https://www.hespress.com/%d9%82%d8%b1%d8%a7%d8%b1-%d8%a7%d9%84%d9%85%d8%ad%d9%83%d9%85%d8%a9-%d8%a7%d9%84%d8%a3%d9%88%d8%b1%d9%88%d8%a8%d9%8a%d8%a9-%d9%8a%d8%b3%d8%aa%d8%af%d8%b9%d9%8a-%d9%88%d8%b6%d9%88%d8%ad-%d8%a8-1471139.html,يجب التعامل مع الاتحاد الأوروبي بكل حزم و  جدية واجبار الدول الاوروبية الاعتراف بمغربية الصحراء لقد حان الوقت لاخراجهم من نفاقهم فالاتحاد الاروبي يعتبر اسدا اقتصاديا لكنه فءر سياسيا.لقد احسن السيد الوير بخطابه الصريح مع الممثل الارو بي حيث قال له نريد أفعال وليس أقوال.,سياسة,0
19205175,قرار المحكمة الأوروبية يستدعي وضوح بروكسيل بشأن قضية الصحراء,https://www.hespress.com/%d9%82%d8%b1%d8%a7%d8%b1-%d8%a7%d9%84%d9%85%d8%ad%d9%83%d9%85%d8%a9-%d8%a7%d9%84%d8%a3%d9%88%d8%b1%d9%88%d8%a8%d9%8a%d8%a9-%d9%8a%d8%b3%d8%aa%d8%af%d8%b9%d9%8a-%d9%88%d8%b6%d9%88%d8%ad-%d8%a8-1471139.html,أرى أنه و مع عراقيل أجهزة الإتحاد الأوروبي يجب على المغرب أن يفرض ، قبل  توقيع  أي إتفاق ، مرور مسودة الإتفاق على جميع هده الأجهزة و قبولها قبل التوقيع,سياسة,-1
19205181,قرار المحكمة الأوروبية يستدعي وضوح بروكسيل بشأن قضية الصحراء,https://www.hespress.com/%d9%82%d8%b1%d8%a7%d8%b1-%d8%a7%d9%84%d9%85%d8%ad%d9%83%d9%85%d8%a9-%d8%a7%d9%84%d8%a3%d9%88%d8%b1%d9%88%d8%a8%d9%8a%d8%a9-%d9%8a%d8%b3%d8%aa%d8%af%d8%b9%d9%8a-%d9%88%d8%b6%d9%88%d8%ad-%d8%a8-1471139.html,دول الاتحاد الأوروبي مطالبة الان اكتر من اي وقت مضى لكي تحدد موقفها بكل وضوح بدون لف ودوران او اكل الديب حلال صيد الديب حرام،اما ان تكون هناك شراكة في صالح الجميع تحترم مبدأ حسن الجوار والمصالح المشتركة او لا شيئ فقط اكل الغلة وسب الملة وإدلال المغاربة في ما يخص مسألة التأشيرة واكل أموالهم بدون وجه حق يمن يدعي عقوق الانسان والحيوان والبغال، واخيرا كما قال صاحب الجلالة الملك محمد السادس نصره الله بان قضية اقاليمنا الجنوبية هي النظارة التي ينظر من خلالها المغرب حسن الصداقات ونجاعة الشراكات ،اما معنا او مع غانا وزمن الابنزاز واللعب على الحبلين قد ولا وأرض الله واسعة!؟,سياسة,-1
19205206,قرار المحكمة الأوروبية يستدعي وضوح بروكسيل بشأن قضية الصحراء,https://www.hespress.com/%d9%82%d8%b1%d8%a7%d8%b1-%d8%a7%d9%84%d9%85%d8%ad%d9%83%d9%85%d8%a9-%d8%a7%d9%84%d8%a3%d9%88%d8%b1%d9%88%d8%a8%d9%8a%d8%a9-%d9%8a%d8%b3%d8%aa%d8%af%d8%b9%d9%8a-%d9%88%d8%b6%d9%88%d8%ad-%d8%a8-1471139.html,الاتحاد الأوروبي كذاب ومنافق …. يمكن اليوم التأسيس لعلاقات جدية و واضحة مع الدول الأوروبية التي أبدت على الأقل مباركتها للطرح السياسي المتعلق بالحكم الذاتي والذي تبناه المغرب منذ 2007 و هو قرار لا رجعة فيه و لو انطبقت السماء على الأرض . وما على الاتحاد الأوروبي وبرلمانه إلا الاقتناع بما يراه المغرب مناسبا هذا إذا كان الاتحاد يعلم جيدا أن البوابة الأفريقية الكبرى هي المملكة المغربية واستحضارا منه كذلك بأن الصحراء مغربية بالوثائق التاريخية و الجغرافية . السؤال المطروح اليوم هو …..لماذا يتلكأ الاتحاد الأوروبي بخصوص الاعتراف بمغربية الصحراء إذا كانت فعلا دوله تريد إقامة علاقات جدية وصادقة في إطار تعاون مشترك مبني على قاعدة رابح ، رابح . إنه النفاق السياسي يا سادة …فالحذر الحذر .,سياسة,-1
19205258,قرار المحكمة الأوروبية يستدعي وضوح بروكسيل بشأن قضية الصحراء,https://www.hespress.com/%d9%82%d8%b1%d8%a7%d8%b1-%d8%a7%d9%84%d9%85%d8%ad%d9%83%d9%85%d8%a9-%d8%a7%d9%84%d8%a3%d9%88%d8%b1%d9%88%d8%a8%d9%8a%d8%a9-%d9%8a%d8%b3%d8%aa%d8%af%d8%b9%d9%8a-%d9%88%d8%b6%d9%88%d8%ad-%d8%a8-1471139.html,"ملاحظ
لا أعرف ماذا يريد الاتحاد الأوروبي من خلال ما إصداره برلمانيه ومحكمته !
هل يستطيع هذا الاتحاد يقفز على حكم محكمه ويستمر في تعامله مع المغرب ويخرق حكم محكمه ؟
رففي الوقت الذي ايدت ما يقارب 70 في المائة من دوله الحكم الذاتي في الصحراء المغربية ، خرج البرلمان وأصدر قراره وإن لم يكن ملزما فأتبعه بحكم المحكمة ، وخرج ينادى بالحفاظ على شراكته مع المغرب ! تناقض ما بعده تناقظ !!!
على من يضحك هذا الاتحاد ؟ وإلى اين يريد الوصول ؟
على المغرب التشبث بما جاء في خطاب ملكنا :” لا اتفاق دون صحرائنا ، ولا شراكة مع من لا يعترف بصحرائنا “",سياسة,0
19205054,رئاسة طنجة المدينة تشعل المنافسة,https://www.hespress.com/%d8%b1%d8%a6%d8%a7%d8%b3%d8%a9-%d8%b7%d9%86%d8%ac%d8%a9-%d8%a7%d9%84%d9%85%d8%af%d9%8a%d9%86%d8%a9-%d8%aa%d8%b4%d8%b9%d9%84-%d8%a7%d9%84%d9%85%d9%86%d8%a7%d9%81%d8%b3%d8%a9-1471278.html,"أصبحت طنجة من أغنى المدن واكثرها تطورا وأصبحت اوراشها مغرية المتربصين ولهذا هم يتناقرون ويتقاشرون من أجل هذه الفريسة السمينة حاضرا ومستقبلها.
هل منهم من يحب الخير للبلد والشعب قبل كل شيء ؟ لا اظن",جهات,1
19204981,15 سنة سجنا نافذا لقاتلة الطالب أنور,https://www.hespress.com/15-%d8%b3%d9%86%d8%a9-%d8%b3%d8%ac%d9%86%d8%a7-%d9%86%d8%a7%d9%81%d8%b0%d8%a7-%d9%84%d9%82%d8%a7%d8%aa%d9%84%d8%a9-%d8%a7%d9%84%d8%b7%d8%a7%d9%84%d8%a8-%d8%a3%d9%86%d9%88%d8%b1-1471451.html,صراحة لا يمكن اعتماد القاتلة قاصر والحكم عليها لتخفيف العقوبة نظرا لسنها باعتبارها قاصر. لان القاصر لا يمكن ان تزهق روح. وصراحة الملف فيه ان انا تابعت المحاكمة وهناك خلل ما لان البنت من بنيتها الجسمانية لا يمكن لها قتل المرحوم وحدها لانه اكبر منها بنية جسمية ففي الحقيقة هناك من ساهم معها في ارتكاب الجناية والعدالة لم تصل له. فاسيلة كثيرة وضعها المحامون بقت دون إجابة.,حوادث,28
19204987,15 سنة سجنا نافذا لقاتلة الطالب أنور,https://www.hespress.com/15-%d8%b3%d9%86%d8%a9-%d8%b3%d8%ac%d9%86%d8%a7-%d9%86%d8%a7%d9%81%d8%b0%d8%a7-%d9%84%d9%82%d8%a7%d8%aa%d9%84%d8%a9-%d8%a7%d9%84%d8%b7%d8%a7%d9%84%d8%a8-%d8%a3%d9%86%d9%88%d8%b1-1471451.html,حكم مخفف جدا…هل التميز ضد الرجل وصل حتى جرائم القتل …القتل ذبحا و سرقة و 15 سنة ؟؟؟,حوادث,109
19204990,15 سنة سجنا نافذا لقاتلة الطالب أنور,https://www.hespress.com/15-%d8%b3%d9%86%d8%a9-%d8%b3%d8%ac%d9%86%d8%a7-%d9%86%d8%a7%d9%81%d8%b0%d8%a7-%d9%84%d9%82%d8%a7%d8%aa%d9%84%d8%a9-%d8%a7%d9%84%d8%b7%d8%a7%d9%84%d8%a8-%d8%a3%d9%86%d9%88%d8%b1-1471451.html,أرى في ذلك حكم مخففا جدا  بكل صراحة لا افهم العدالة في بلادنا. فتالي تدخل للحبس وتضرب 6 ولا 8 سنوات وتخرج,حوادث,68
19204991,15 سنة سجنا نافذا لقاتلة الطالب أنور,https://www.hespress.com/15-%d8%b3%d9%86%d8%a9-%d8%b3%d8%ac%d9%86%d8%a7-%d9%86%d8%a7%d9%81%d8%b0%d8%a7-%d9%84%d9%82%d8%a7%d8%aa%d9%84%d8%a9-%d8%a7%d9%84%d8%b7%d8%a7%d9%84%d8%a8-%d8%a3%d9%86%d9%88%d8%b1-1471451.html,لا زلنا نتساهل مع العقوبة القضائية في المغرب مما ادى الى انتشار الجريمة بشكل غير معقول، حبذا لو أننا طبقنا شرع الله في القصاص مثل الدول العربية لما انتهينا ولو بشكل من الاشكال ، الحد من جرائم القتل التي اصبحت منتشرة على نطاق واسع في كل انحاء المملكة,حوادث,61
19204992,15 سنة سجنا نافذا لقاتلة الطالب أنور,https://www.hespress.com/15-%d8%b3%d9%86%d8%a9-%d8%b3%d8%ac%d9%86%d8%a7-%d9%86%d8%a7%d9%81%d8%b0%d8%a7-%d9%84%d9%82%d8%a7%d8%aa%d9%84%d8%a9-%d8%a7%d9%84%d8%b7%d8%a7%d9%84%d8%a8-%d8%a3%d9%86%d9%88%d8%b1-1471451.html,لك الله يا  وطني ، القضية فيها القتل العمد مع سيق الاصرار و الترصد كيما كايقولو فمداولة و عاطيينها 15 عام و من بعد تخرج بعفو ملكي لحسن السلوك ، اوا ردعنا و خلعنا بكري المجرمين و الشفارة لا حول ولا قوة الا بالله,حوادث,53
19204995,15 سنة سجنا نافذا لقاتلة الطالب أنور,https://www.hespress.com/15-%d8%b3%d9%86%d8%a9-%d8%b3%d8%ac%d9%86%d8%a7-%d9%86%d8%a7%d9%81%d8%b0%d8%a7-%d9%84%d9%82%d8%a7%d8%aa%d9%84%d8%a9-%d8%a7%d9%84%d8%b7%d8%a7%d9%84%d8%a8-%d8%a3%d9%86%d9%88%d8%b1-1471451.html,الله ارحم برحمته الواسعة احضو ووليداتكم او خليوهم دائما صغار قدام عينيكم مهما كبروا الوقت خيابتك او الله اعبعد الشر على جميع وليدات المسلمين,حوادث,45
19204998,15 سنة سجنا نافذا لقاتلة الطالب أنور,https://www.hespress.com/15-%d8%b3%d9%86%d8%a9-%d8%b3%d8%ac%d9%86%d8%a7-%d9%86%d8%a7%d9%81%d8%b0%d8%a7-%d9%84%d9%82%d8%a7%d8%aa%d9%84%d8%a9-%d8%a7%d9%84%d8%b7%d8%a7%d9%84%d8%a8-%d8%a3%d9%86%d9%88%d8%b1-1471451.html,حسبي الله ونعم الوكيل صراحة يستهل اكثر اعدام,حوادث,26
19204999,15 سنة سجنا نافذا لقاتلة الطالب أنور,https://www.hespress.com/15-%d8%b3%d9%86%d8%a9-%d8%b3%d8%ac%d9%86%d8%a7-%d9%86%d8%a7%d9%81%d8%b0%d8%a7-%d9%84%d9%82%d8%a7%d8%aa%d9%84%d8%a9-%d8%a7%d9%84%d8%b7%d8%a7%d9%84%d8%a8-%d8%a3%d9%86%d9%88%d8%b1-1471451.html,حكم مخفف ولايشفي غليل ألاسرة المكلومة ..عقوبة القتل العمد لاتقل عن 30سنة إن لم نقل المؤبد او الإعدام ..الله يصبر الوالدين ويعوضهم خيرا…حال الدنيا يأتي بأخبار غير متوقعة,حوادث,48
19205010,15 سنة سجنا نافذا لقاتلة الطالب أنور,https://www.hespress.com/15-%d8%b3%d9%86%d8%a9-%d8%b3%d8%ac%d9%86%d8%a7-%d9%86%d8%a7%d9%81%d8%b0%d8%a7-%d9%84%d9%82%d8%a7%d8%aa%d9%84%d8%a9-%d8%a7%d9%84%d8%b7%d8%a7%d9%84%d8%a8-%d8%a3%d9%86%d9%88%d8%b1-1471451.html,كون كانت فامريكا  كون حكمو عليها  بالإعدام  .,حوادث,37
19205015,15 سنة سجنا نافذا لقاتلة الطالب أنور,https://www.hespress.com/15-%d8%b3%d9%86%d8%a9-%d8%b3%d8%ac%d9%86%d8%a7-%d9%86%d8%a7%d9%81%d8%b0%d8%a7-%d9%84%d9%82%d8%a7%d8%aa%d9%84%d8%a9-%d8%a7%d9%84%d8%b7%d8%a7%d9%84%d8%a8-%d8%a3%d9%86%d9%88%d8%b1-1471451.html,ما هذا الحكم المخفف!!! هل هذا هو القضاء المغربي!!!؟؟؟هذه عقوبتها الإعدام الحكم واضح للأعمى و البصير,حوادث,35
19205036,15 سنة سجنا نافذا لقاتلة الطالب أنور,https://www.hespress.com/15-%d8%b3%d9%86%d8%a9-%d8%b3%d8%ac%d9%86%d8%a7-%d9%86%d8%a7%d9%81%d8%b0%d8%a7-%d9%84%d9%82%d8%a7%d8%aa%d9%84%d8%a9-%d8%a7%d9%84%d8%b7%d8%a7%d9%84%d8%a8-%d8%a3%d9%86%d9%88%d8%b1-1471451.html,البلد الوحيد الذي لا ترى فيه حقوق الإنسان إلا في حالتين: إن صرت مجرما سيدافعون عن حقوقك كسجين او ان تصير شاذ جنسي لكي يقولون لك حقوق المثلية,حوادث,23
19205037,15 سنة سجنا نافذا لقاتلة الطالب أنور,https://www.hespress.com/15-%d8%b3%d9%86%d8%a9-%d8%b3%d8%ac%d9%86%d8%a7-%d9%86%d8%a7%d9%81%d8%b0%d8%a7-%d9%84%d9%82%d8%a7%d8%aa%d9%84%d8%a9-%d8%a7%d9%84%d8%b7%d8%a7%d9%84%d8%a8-%d8%a3%d9%86%d9%88%d8%b1-1471451.html,لنتصور ان العطس هو ما حدث: رجل يقتل فتاة ويسرق : كان سيحكم بالسجن المؤبد وفي أحسن الأحوال ب 30 سنة,حوادث,23
19205060,15 سنة سجنا نافذا لقاتلة الطالب أنور,https://www.hespress.com/15-%d8%b3%d9%86%d8%a9-%d8%b3%d8%ac%d9%86%d8%a7-%d9%86%d8%a7%d9%81%d8%b0%d8%a7-%d9%84%d9%82%d8%a7%d8%aa%d9%84%d8%a9-%d8%a7%d9%84%d8%b7%d8%a7%d9%84%d8%a8-%d8%a3%d9%86%d9%88%d8%b1-1471451.html,هذا حكم مخفف للأسف… الاعدام لكل قانل متعمد.,حوادث,19
19205065,15 سنة سجنا نافذا لقاتلة الطالب أنور,https://www.hespress.com/15-%d8%b3%d9%86%d8%a9-%d8%b3%d8%ac%d9%86%d8%a7-%d9%86%d8%a7%d9%81%d8%b0%d8%a7-%d9%84%d9%82%d8%a7%d8%aa%d9%84%d8%a9-%d8%a7%d9%84%d8%b7%d8%a7%d9%84%d8%a8-%d8%a3%d9%86%d9%88%d8%b1-1471451.html,هذه القضية غامضة جدا و احداثها هيتشكوكية و قيل عنها الكثير اين الحقيقة الله اعلم.,حوادث,11
19205080,15 سنة سجنا نافذا لقاتلة الطالب أنور,https://www.hespress.com/15-%d8%b3%d9%86%d8%a9-%d8%b3%d8%ac%d9%86%d8%a7-%d9%86%d8%a7%d9%81%d8%b0%d8%a7-%d9%84%d9%82%d8%a7%d8%aa%d9%84%d8%a9-%d8%a7%d9%84%d8%b7%d8%a7%d9%84%d8%a8-%d8%a3%d9%86%d9%88%d8%b1-1471451.html,"البنت قانونيا قاصر و القانون ينظر إلى الأوراق و ليس العاطفة أو اراء الآخرين,و الشيئ الثاني نسمع فقط الأخبار و لا نعرف محتوى الملف.سبب وجودهم مع بعض في شقة و لا علاقة قانونية أو شرعية مع بعضهم.",حوادث,5
19205087,15 سنة سجنا نافذا لقاتلة الطالب أنور,https://www.hespress.com/15-%d8%b3%d9%86%d8%a9-%d8%b3%d8%ac%d9%86%d8%a7-%d9%86%d8%a7%d9%81%d8%b0%d8%a7-%d9%84%d9%82%d8%a7%d8%aa%d9%84%d8%a9-%d8%a7%d9%84%d8%b7%d8%a7%d9%84%d8%a8-%d8%a3%d9%86%d9%88%d8%b1-1471451.html,"الله يرحم انور
تابعت الموضوع منذ بدايته و اظن ان أشياء كثيرة بقيت مبهمة و يجب إعادة النظر فيها لتوضيح الحقيقة الكاملة و الوصول الى القاتل الحقيقي
هذه امانة في عنق القضاء",حوادث,9
19205104,15 سنة سجنا نافذا لقاتلة الطالب أنور,https://www.hespress.com/15-%d8%b3%d9%86%d8%a9-%d8%b3%d8%ac%d9%86%d8%a7-%d9%86%d8%a7%d9%81%d8%b0%d8%a7-%d9%84%d9%82%d8%a7%d8%aa%d9%84%d8%a9-%d8%a7%d9%84%d8%b7%d8%a7%d9%84%d8%a8-%d8%a3%d9%86%d9%88%d8%b1-1471451.html,"الى تعليق رقم  1
فهي قتلته بالسكين وليس بصراع معه جسمانيا. فيمكن بحركة واحد غادرة ان تقتله دون حاجة ان تكون اقوى منه جسديا",حوادث,11
19205133,15 سنة سجنا نافذا لقاتلة الطالب أنور,https://www.hespress.com/15-%d8%b3%d9%86%d8%a9-%d8%b3%d8%ac%d9%86%d8%a7-%d9%86%d8%a7%d9%81%d8%b0%d8%a7-%d9%84%d9%82%d8%a7%d8%aa%d9%84%d8%a9-%d8%a7%d9%84%d8%b7%d8%a7%d9%84%d8%a8-%d8%a3%d9%86%d9%88%d8%b1-1471451.html,الحقيقة لايعلمها إلا الله وحده لاشريك له أين هو القصاص ياحضرة القاضي هذه روح أرهقت فى عز شبابها القتل العمد مع سبق…….وتحكم ب١٥ سنة هذه علامة استفهام كبيرة والفاهم يفهم وعند ربكم تختصمون.,حوادث,7
19205137,15 سنة سجنا نافذا لقاتلة الطالب أنور,https://www.hespress.com/15-%d8%b3%d9%86%d8%a9-%d8%b3%d8%ac%d9%86%d8%a7-%d9%86%d8%a7%d9%81%d8%b0%d8%a7-%d9%84%d9%82%d8%a7%d8%aa%d9%84%d8%a9-%d8%a7%d9%84%d8%b7%d8%a7%d9%84%d8%a8-%d8%a3%d9%86%d9%88%d8%b1-1471451.html,متابعة المتستر ب 10سنوات مبالغة، لأن رابط القرابة يلتمس العفو أمام القانون أو الحق المدني.,حوادث,4
19205147,15 سنة سجنا نافذا لقاتلة الطالب أنور,https://www.hespress.com/15-%d8%b3%d9%86%d8%a9-%d8%b3%d8%ac%d9%86%d8%a7-%d9%86%d8%a7%d9%81%d8%b0%d8%a7-%d9%84%d9%82%d8%a7%d8%aa%d9%84%d8%a9-%d8%a7%d9%84%d8%b7%d8%a7%d9%84%d8%a8-%d8%a3%d9%86%d9%88%d8%b1-1471451.html,حكم غير عادل قامت ب سلب حياة شاب ودمرت أسرة بأكملها هل 15 سنة ستشفي غليل الأسرة المكلومة او تعيد الشاب أنور إلى الحياة أظن لا الأحكام في المغرب غير منطقية هاته الشابة تستحق الإعدام او على الأقل المؤبد نظرا لبشاعة الجريمة فقد قامت ب ذبح الشاب أنور بعد 15 سنة سوف تعيش حياتها بشكل عادي لكن الشاب انور لن يعود أتمنى ان تتحقق العدالة الإلاهية في الدنيا قبل الآخرة,حوادث,7
19205160,15 سنة سجنا نافذا لقاتلة الطالب أنور,https://www.hespress.com/15-%d8%b3%d9%86%d8%a9-%d8%b3%d8%ac%d9%86%d8%a7-%d9%86%d8%a7%d9%81%d8%b0%d8%a7-%d9%84%d9%82%d8%a7%d8%aa%d9%84%d8%a9-%d8%a7%d9%84%d8%b7%d8%a7%d9%84%d8%a8-%d8%a3%d9%86%d9%88%d8%b1-1471451.html,أصبح القضاء في المغرب مسيس من طرف الفيمينيزم النسوية بسطت سيطرتها على كل شيء في المغرب تخيل معي قاصر تحرش ب شابة حكم عليه ب 3 سنوات وشابة قامت ب ذبح شاب ب طريقة بشعة سلبت حقه في الحياة حكم عليها ب 15 سنة هل هذا يعقل ؟  جميع الامتيازات أصبحت للأنثى في هذا الزمان الرجل أصبح مظلوما و مضطهدا حتى القضاء اصبح ضده ولا ينصفه,حوادث,4
19205164,15 سنة سجنا نافذا لقاتلة الطالب أنور,https://www.hespress.com/15-%d8%b3%d9%86%d8%a9-%d8%b3%d8%ac%d9%86%d8%a7-%d9%86%d8%a7%d9%81%d8%b0%d8%a7-%d9%84%d9%82%d8%a7%d8%aa%d9%84%d8%a9-%d8%a7%d9%84%d8%b7%d8%a7%d9%84%d8%a8-%d8%a3%d9%86%d9%88%d8%b1-1471451.html,كنت تعطيوها البراءة أحسن ولا تحبسوا الوالدين ديالو لما رباوهش مزيان و خلاوه ساكن بوحدو.. بصراحة نهار القضاء يتقاد عاد غادي نزيدوا لقدام..,حوادث,6
19205183,15 سنة سجنا نافذا لقاتلة الطالب أنور,https://www.hespress.com/15-%d8%b3%d9%86%d8%a9-%d8%b3%d8%ac%d9%86%d8%a7-%d9%86%d8%a7%d9%81%d8%b0%d8%a7-%d9%84%d9%82%d8%a7%d8%aa%d9%84%d8%a9-%d8%a7%d9%84%d8%b7%d8%a7%d9%84%d8%a8-%d8%a3%d9%86%d9%88%d8%b1-1471451.html,"قتل والحكم ب 15 سنة سجنا.
أي قضاء هذا اللذي يسامح في قضية قتل مواطن. القتل يساوي إعدام هذا ما فرضه الله على المسلمين",حوادث,2
19205198,15 سنة سجنا نافذا لقاتلة الطالب أنور,https://www.hespress.com/15-%d8%b3%d9%86%d8%a9-%d8%b3%d8%ac%d9%86%d8%a7-%d9%86%d8%a7%d9%81%d8%b0%d8%a7-%d9%84%d9%82%d8%a7%d8%aa%d9%84%d8%a9-%d8%a7%d9%84%d8%b7%d8%a7%d9%84%d8%a8-%d8%a3%d9%86%d9%88%d8%b1-1471451.html,"الذكور القاصرين الذين اعترضوا فتاة طنجة تم الحكم عليهم بأقصى العقوبات على الرغم من أنهم قاصرين وقال مؤيدي هذا الحكم أن القاصرين جائز معاقبتهم إسوة بالبالغين لكن هنا نرى تبريرا لظروف التخفيف لصالح الفتاة بحجة أنها قاصر ولو كانوا مكان القاضي لحكموا عليها بالبراءة، ممكن نعرف ما الذي يحدث في هذا البلد؟ لأنني أرى أنه ثمة هناك ازدواجية المعايير  في التعامل مع الذكور والإناث.
كيف لإنسان ارتكب جريمة قتل عن سبق الإصرار والترصد يحصل على 15 سنة سجنا؟",حوادث,3
19205215,15 سنة سجنا نافذا لقاتلة الطالب أنور,https://www.hespress.com/15-%d8%b3%d9%86%d8%a9-%d8%b3%d8%ac%d9%86%d8%a7-%d9%86%d8%a7%d9%81%d8%b0%d8%a7-%d9%84%d9%82%d8%a7%d8%aa%d9%84%d8%a9-%d8%a7%d9%84%d8%b7%d8%a7%d9%84%d8%a8-%d8%a3%d9%86%d9%88%d8%b1-1471451.html,حسب رأي المتواضع ،الكثير من الاخوان المعلقين يرون أن هدا الحكم كان مخففا ،و أضن أن هاته التعاليق طالتها العاطفة ليس الا ،لكون المتهمة ربما استفادت من ظروف التخفيف لكونها كانت تحت تأثير المخدرات أو الكحول ،و من له اطلاع على قانون المسطرة الجنائية المغربية ،سيساطرني  الرأي ،لكون الشخص الدي يرتكب جناية تحت تأثير الكحول والمخدرات ،يعتبر ظرفا من ظروف التخفيف,حوادث,-3
19205268,صرف الدفعة الأولى من المنح الجامعية,https://www.hespress.com/%d8%b5%d8%b1%d9%81-%d8%a7%d9%84%d8%af%d9%81%d8%b9%d8%a9-%d8%a7%d9%84%d8%a3%d9%88%d9%84%d9%89-%d9%85%d9%86-%d8%a7%d9%84%d9%85%d9%86%d8%ad-%d8%a7%d9%84%d8%ac%d8%a7%d9%85%d8%b9%d9%8a%d8%a9-1471521.html,"180 euro , الناس كتاخدهز فالشهر الواحد.",مجتمع,0
19205270,صرف الدفعة الأولى من المنح الجامعية,https://www.hespress.com/%d8%b5%d8%b1%d9%81-%d8%a7%d9%84%d8%af%d9%81%d8%b9%d8%a9-%d8%a7%d9%84%d8%a3%d9%88%d9%84%d9%89-%d9%85%d9%86-%d8%a7%d9%84%d9%85%d9%86%d8%ad-%d8%a7%d9%84%d8%ac%d8%a7%d9%85%d8%b9%d9%8a%d8%a9-1471521.html,دابا هذا ولا خبر صار هذه راه من الاولويات وراه تعطلوا على الطلبه مساكن. على زين المنحه,مجتمع,0
19205277,صرف الدفعة الأولى من المنح الجامعية,https://www.hespress.com/%d8%b5%d8%b1%d9%81-%d8%a7%d9%84%d8%af%d9%81%d8%b9%d8%a9-%d8%a7%d9%84%d8%a3%d9%88%d9%84%d9%89-%d9%85%d9%86-%d8%a7%d9%84%d9%85%d9%86%d8%ad-%d8%a7%d9%84%d8%ac%d8%a7%d9%85%d8%b9%d9%8a%d8%a9-1471521.html,المنح الجامعية غير عادلة في صرفها فهناك شريحة كبيرة من الطلبة لا يستفيدون منها لأسباب بعلمها الله.,مجتمع,0
19205248,خارجية فرنسا: نتنياهو يتمتع بالحصانة,https://www.hespress.com/%d8%ae%d8%a7%d8%b1%d8%ac%d9%8a%d8%a9-%d9%81%d8%b1%d9%86%d8%b3%d8%a7-%d9%86%d8%aa%d9%86%d9%8a%d8%a7%d9%87%d9%88-%d9%8a%d8%aa%d9%85%d8%aa%d8%b9-%d8%a8%d8%a7%d9%84%d8%ad%d8%b5%d8%a7%d9%86%d8%a9-1471514.html,ومع ذلك لن يستطيع زيارة فرنسا. لأن رجال المغرب والجزائر وتونس وأفريقيا الأحرار له بالمرصاد هنالك,خارج الحدود,-6
19205260,خارجية فرنسا: نتنياهو يتمتع بالحصانة,https://www.hespress.com/%d8%ae%d8%a7%d8%b1%d8%ac%d9%8a%d8%a9-%d9%81%d8%b1%d9%86%d8%b3%d8%a7-%d9%86%d8%aa%d9%86%d9%8a%d8%a7%d9%87%d9%88-%d9%8a%d8%aa%d9%85%d8%aa%d8%b9-%d8%a8%d8%a7%d9%84%d8%ad%d8%b5%d8%a7%d9%86%d8%a9-1471514.html,أحرار العالم المناهضين للصهيونية العالمية و الاحتلال الصهيوني الغاصب لفلسطين المحتلة كلهم يقين أن مجرم الحرب الإرهابي نتنياهو و من على شاكلته و من يدعم الإرهاب الصهيوني المنظم في الغرب الاستعماري الرأسمالي المنافق ضد الشعب الفلسطيني الأعزل و المقاوم في غزة الصامدة و المحاصرة لن تتم محاكمته رغم صدور مذكرة اعتقاله من طرف الجنائية الدولية,خارج الحدود,9
19205263,خارجية فرنسا: نتنياهو يتمتع بالحصانة,https://www.hespress.com/%d8%ae%d8%a7%d8%b1%d8%ac%d9%8a%d8%a9-%d9%81%d8%b1%d9%86%d8%b3%d8%a7-%d9%86%d8%aa%d9%86%d9%8a%d8%a7%d9%87%d9%88-%d9%8a%d8%aa%d9%85%d8%aa%d8%b9-%d8%a8%d8%a7%d9%84%d8%ad%d8%b5%d8%a7%d9%86%d8%a9-1471514.html,وماذا عن الحصانة الربانية . (عند ربكم تختصمون),خارج الحدود,10
19205266,خارجية فرنسا: نتنياهو يتمتع بالحصانة,https://www.hespress.com/%d8%ae%d8%a7%d8%b1%d8%ac%d9%8a%d8%a9-%d9%81%d8%b1%d9%86%d8%b3%d8%a7-%d9%86%d8%aa%d9%86%d9%8a%d8%a7%d9%87%d9%88-%d9%8a%d8%aa%d9%85%d8%aa%d8%b9-%d8%a8%d8%a7%d9%84%d8%ad%d8%b5%d8%a7%d9%86%d8%a9-1471514.html,اقبح وجه بشع على الصعيد الدولي هي فرنسا بنفاقها وعدائها  وعنصريتها لكل ما هو عربي ومسلم حيث السيطرة الصهيوينة واضحة على الإعلام والسياسة  تبين عدة اًوجه ولا ينتظر منها شيءا !!في حين الدول الأخرى صريحة في التعامل,خارج الحدود,0
19205274,خارجية فرنسا: نتنياهو يتمتع بالحصانة,https://www.hespress.com/%d8%ae%d8%a7%d8%b1%d8%ac%d9%8a%d8%a9-%d9%81%d8%b1%d9%86%d8%b3%d8%a7-%d9%86%d8%aa%d9%86%d9%8a%d8%a7%d9%87%d9%88-%d9%8a%d8%aa%d9%85%d8%aa%d8%b9-%d8%a8%d8%a7%d9%84%d8%ad%d8%b5%d8%a7%d9%86%d8%a9-1471514.html,الأن سقط القناع عن الغرب المنافق الذي يدعي الدفاع عن حقوق الانسان ، هذا هو الوجه الحقيقي للغرب الاستعماري الإمبريالي الذي يتخفى وراء شعارات الحرية والكرامة وحقوق الانسان ، فرنسا تدعم الكيان الصهيوني بالأسلحة من أجل إبادة سكان غزة الصامدة وترفض مذكرة الاعتقال في حق المجرم النتن ياهو ، لاغرابة في ذلك، فتاريخ فرنسا اللإجرامي في إفريقيا والفيثنام  شاهد على أن فرنسا التي تسمي نفسها ببلد الأنوار هي دولة مجرمة مثلها مثل الكيان الصهيوني.,خارج الحدود,0
19205275,خارجية فرنسا: نتنياهو يتمتع بالحصانة,https://www.hespress.com/%d8%ae%d8%a7%d8%b1%d8%ac%d9%8a%d8%a9-%d9%81%d8%b1%d9%86%d8%b3%d8%a7-%d9%86%d8%aa%d9%86%d9%8a%d8%a7%d9%87%d9%88-%d9%8a%d8%aa%d9%85%d8%aa%d8%b9-%d8%a8%d8%a7%d9%84%d8%ad%d8%b5%d8%a7%d9%86%d8%a9-1471514.html,سبحان الله يجدون حيال غير منطقية و لا قانونية الإعفاء مجرم متلهم  من العقاب,خارج الحدود,0
19205229,مهرجان تجويد القرآن يكرم الهيلالي,https://www.hespress.com/%d9%85%d9%87%d8%b1%d8%ac%d8%a7%d9%86-%d8%aa%d8%ac%d9%88%d9%8a%d8%af-%d8%a7%d9%84%d9%82%d8%b1%d8%a2%d9%86-%d9%8a%d9%83%d8%b1%d9%85-%d8%a7%d9%84%d9%87%d9%8a%d9%84%d8%a7%d9%84%d9%8a-1471229.html,هذه هي المهرجانات التي نحتاجها لتنمية أبنائنا أخلاقيا و دينيا و علميا بعيدا السوشيال ميديا و مهرجانات الرقص,فن وثقافة,2
19205202,قيادات فلسطينية: الرسالة الملكية تؤكد دور المغرب في الدفاع عن القضية العادلة,https://www.hespress.com/%d9%82%d9%8a%d8%a7%d8%af%d8%a7%d8%aa-%d9%81%d9%84%d8%b3%d8%b7%d9%8a%d9%86%d9%8a%d8%a9-%d8%a7%d9%84%d8%b1%d8%b3%d8%a7%d9%84%d8%a9-%d8%a7%d9%84%d9%85%d9%84%d9%83%d9%8a%d8%a9-%d8%aa%d8%b9%d9%83%d8%b3-1471506.html,القضية الفلسطينية هي القضية الثانية للدولة المغربية بعد الوحدة الترابية. حفظ الله مولانا أمير المؤمنين وحامي حمى الملة والدين جلالة الملك محمد السادس.,سياسة,2
19205152,انتقادات لحديقة الحيوانات في البيضاء,https://www.hespress.com/%d8%a7%d9%86%d8%aa%d9%82%d8%a7%d8%af%d8%a7%d8%aa-%d9%84%d8%ad%d8%af%d9%8a%d9%82%d8%a9-%d8%a7%d9%84%d8%ad%d9%8a%d9%88%d8%a7%d9%86%d8%a7%d8%aa-%d9%81%d9%8a-%d8%a7%d9%84%d8%a8%d9%8a%d8%b6%d8%a7%d8%a1-1471352.html,100 درهم واش غادي نلقاو ملكة جمال الادغال ديال الغابة را كازا براسها غول,جهات,9
19205185,انتقادات لحديقة الحيوانات في البيضاء,https://www.hespress.com/%d8%a7%d9%86%d8%aa%d9%82%d8%a7%d8%af%d8%a7%d8%aa-%d9%84%d8%ad%d8%af%d9%8a%d9%82%d8%a9-%d8%a7%d9%84%d8%ad%d9%8a%d9%88%d8%a7%d9%86%d8%a7%d8%aa-%d9%81%d9%8a-%d8%a7%d9%84%d8%a8%d9%8a%d8%b6%d8%a7%d8%a1-1471352.html,وأين هي الأموال التي تنفقها الجماعة على المهراجانات التافهة،  كان الأولى أن تنفقها على الحديقة عوض تحميل المواطن الفقير تكاليف تسييرها ، الدخول إلى الحديقة يجب أن يكون بثمن رمزي لايتعدى عشرين درهم للكبار وعشرة دراهم للصغار ، نحن نعيش في المغرب وليس في السويد.,جهات,16
19205199,انتقادات لحديقة الحيوانات في البيضاء,https://www.hespress.com/%d8%a7%d9%86%d8%aa%d9%82%d8%a7%d8%af%d8%a7%d8%aa-%d9%84%d8%ad%d8%af%d9%8a%d9%82%d8%a9-%d8%a7%d9%84%d8%ad%d9%8a%d9%88%d8%a7%d9%86%d8%a7%d8%aa-%d9%81%d9%8a-%d8%a7%d9%84%d8%a8%d9%8a%d8%b6%d8%a7%d8%a1-1471352.html,المغاربة بغاو كلشي بالمجان،واش ما فكروش بان حديقة الحيوانات تتطلب نقود كثيرة لاكل الحيوانات و تطبيبهم و صيانة الحديقة ووووو، و خصوصا النظافة لان اكيد زوارها سملأونها بالازبال. زائد نفترض انا خلصت 80 درهم باش ندخل،ماشي غادي ندخل ليها يوميا ولا اسبوعيا و لا حتى شهريا، هي تتكون زيارة وحدة فقط ولا  فالعام كاع,جهات,-5
19205204,انتقادات لحديقة الحيوانات في البيضاء,https://www.hespress.com/%d8%a7%d9%86%d8%aa%d9%82%d8%a7%d8%af%d8%a7%d8%aa-%d9%84%d8%ad%d8%af%d9%8a%d9%82%d8%a9-%d8%a7%d9%84%d8%ad%d9%8a%d9%88%d8%a7%d9%86%d8%a7%d8%aa-%d9%81%d9%8a-%d8%a7%d9%84%d8%a8%d9%8a%d8%b6%d8%a7%d8%a1-1471352.html,إذا كانت الشركة التي ستدبر هذا المشروع العمومي هي نفسها تملك مشروع خاص وتقدم فيه نفس الخدمات إذن من الطبيعي أن تكون الأثمنة أغلى لكي لا يتناطح العنزان و تشتبك الغزلان,جهات,-1
19205211,انتقادات لحديقة الحيوانات في البيضاء,https://www.hespress.com/%d8%a7%d9%86%d8%aa%d9%82%d8%a7%d8%af%d8%a7%d8%aa-%d9%84%d8%ad%d8%af%d9%8a%d9%82%d8%a9-%d8%a7%d9%84%d8%ad%d9%8a%d9%88%d8%a7%d9%86%d8%a7%d8%aa-%d9%81%d9%8a-%d8%a7%d9%84%d8%a8%d9%8a%d8%b6%d8%a7%d8%a1-1471352.html,"السلام
على رءيس المقاطعة و هدا المستشار الكلايبي ان برفضوا هده التعريفة و ان تساهم المقاطعة و لو ب 1٪ في دعم تعريفة الولوج الحديقة لان 80 درهم مبلغ مبالغ فيه كتيرا مع العالم ان الساكنة في العمالة و العملات المجاورة من الطبقة الفقيرة و المتوسطة لان  مقاطعة عين السبع من أغنى الجماعات على المستوى الوطني و دلك لوجود احياء صناعية في شارع الشفشاوني و منطقة عكاشة ناهيك عن معارض السيارات الفارهة في شارع مولاي سليمان دون الحديت عن المطاعم و المقاهي الشاطءية و الاسواق البلدية و جزء من ميناء و ملعب العربي الأولي   يعني توجد مداخيل و ضراءب و رسوم تضخ في ميزانية الجماعة و مع دلك يظهر ان الجماعة تعاني مع المكتب و المجلس الجماعي لا بنية تحتية لا طرق لا فضاءات شوارع ضيقة ازدحام وقت الدروة خصوصا شارع مولاي اسماعيل .",جهات,2
19205221,انتقادات لحديقة الحيوانات في البيضاء,https://www.hespress.com/%d8%a7%d9%86%d8%aa%d9%82%d8%a7%d8%af%d8%a7%d8%aa-%d9%84%d8%ad%d8%af%d9%8a%d9%82%d8%a9-%d8%a7%d9%84%d8%ad%d9%8a%d9%88%d8%a7%d9%86%d8%a7%d8%aa-%d9%81%d9%8a-%d8%a7%d9%84%d8%a8%d9%8a%d8%b6%d8%a7%d8%a1-1471352.html,ليست لهم أفكا  للعمال عليها سوى.طباقيية بينا  لمواطنيين لنهب جييوبهم  من 5دراهم إلى 100درهم  يجب تهيأت محلات تجارية ومقاهي وأكشاك لإرادت لموارد المالية .معا.تدكيرات.20للمواطنيين,جهات,1
19205223,انتقادات لحديقة الحيوانات في البيضاء,https://www.hespress.com/%d8%a7%d9%86%d8%aa%d9%82%d8%a7%d8%af%d8%a7%d8%aa-%d9%84%d8%ad%d8%af%d9%8a%d9%82%d8%a9-%d8%a7%d9%84%d8%ad%d9%8a%d9%88%d8%a7%d9%86%d8%a7%d8%aa-%d9%81%d9%8a-%d8%a7%d9%84%d8%a8%d9%8a%d8%b6%d8%a7%d8%a1-1471352.html,على المسؤولين على حديقة الحيوانات اعادة النظر في اثمنة ولوج الحديقة لانه مبالغ فيها كثير اد كيف يعقل موضف عادي ابغا ايساري اوليداتو مثلا عندو  2 اولاد او هو او الزوجة بالنسبة له مبلغ خيالي و ادا دخل مرة فانه لم يعد مرة ثانية الى الابد في الدول المتقدمة يكون الثمن رمزي,جهات,1
19205225,انتقادات لحديقة الحيوانات في البيضاء,https://www.hespress.com/%d8%a7%d9%86%d8%aa%d9%82%d8%a7%d8%af%d8%a7%d8%aa-%d9%84%d8%ad%d8%af%d9%8a%d9%82%d8%a9-%d8%a7%d9%84%d8%ad%d9%8a%d9%88%d8%a7%d9%86%d8%a7%d8%aa-%d9%81%d9%8a-%d8%a7%d9%84%d8%a8%d9%8a%d8%b6%d8%a7%d8%a1-1471352.html,والله لا مشيت ليها. حديقة الرباط ديت ليها ولادي وتهنييييت، لا علاقة مع حديقة عين الضبع، الهايش مايش فينما مشيت فهاد كازا. كرهتوني فيها، أكبر أمنية عندي نخرج منها,جهات,0
19205227,انتقادات لحديقة الحيوانات في البيضاء,https://www.hespress.com/%d8%a7%d9%86%d8%aa%d9%82%d8%a7%d8%af%d8%a7%d8%aa-%d9%84%d8%ad%d8%af%d9%8a%d9%82%d8%a9-%d8%a7%d9%84%d8%ad%d9%8a%d9%88%d8%a7%d9%86%d8%a7%d8%aa-%d9%81%d9%8a-%d8%a7%d9%84%d8%a8%d9%8a%d8%b6%d8%a7%d8%a1-1471352.html,"هذه حديقة حيوانات عمومية تم انشاؤها من الضرائب المقتطعة من أموال الساكنة،والمفروض على المسؤولين ان يدركوا ان هذا الثمن ليس في متناول العموم وحتى الطبقة المتوسطة  لذا فهي محكوم عليها بالافلاس منذ البداية.لذا الثمن المعقول هو 30درهما للكبار و20للصغار
انتوا لنبض الشارع .",جهات,-1
19205234,انتقادات لحديقة الحيوانات في البيضاء,https://www.hespress.com/%d8%a7%d9%86%d8%aa%d9%82%d8%a7%d8%af%d8%a7%d8%aa-%d9%84%d8%ad%d8%af%d9%8a%d9%82%d8%a9-%d8%a7%d9%84%d8%ad%d9%8a%d9%88%d8%a7%d9%86%d8%a7%d8%aa-%d9%81%d9%8a-%d8%a7%d9%84%d8%a8%d9%8a%d8%b6%d8%a7%d8%a1-1471352.html,هاد السعر مرتفع جدا ، حديقة الحيوانات في تمارة بالرباط أحسن بكثير من حديقة عين السبع ومافيها هاد التسعيرة المرتفعة ….,جهات,-2
19205254,انتقادات لحديقة الحيوانات في البيضاء,https://www.hespress.com/%d8%a7%d9%86%d8%aa%d9%82%d8%a7%d8%af%d8%a7%d8%aa-%d9%84%d8%ad%d8%af%d9%8a%d9%82%d8%a9-%d8%a7%d9%84%d8%ad%d9%8a%d9%88%d8%a7%d9%86%d8%a7%d8%aa-%d9%81%d9%8a-%d8%a7%d9%84%d8%a8%d9%8a%d8%b6%d8%a7%d8%a1-1471352.html,"تمخض الفيل فولد فأرا
فرق كبير مع حديقة الرباط",جهات,0
19205158,الجيش اللبناني يدعو النازحين إلى التريث,https://www.hespress.com/%d8%ac%d9%8a%d8%b4-%d9%84%d8%a8%d9%86%d8%a7%d9%86-%d9%8a%d8%af%d8%b9%d9%88-%d8%a7%d9%84%d9%86%d8%a7%d8%b2%d8%ad%d9%8a%d9%86-%d8%a5%d9%84%d9%89-%d8%a7%d9%84%d8%aa%d8%b1%d9%8a%d8%ab-1471442.html,"لماذا هذا الجيش لا يحارب اولا ما يسمى بي جماعة حزب الله.
لبقى هو الوحيد الذي يحمل السلاح في لبنان",خارج الحدود,-2
19205171,الجيش اللبناني يدعو النازحين إلى التريث,https://www.hespress.com/%d8%ac%d9%8a%d8%b4-%d9%84%d8%a8%d9%86%d8%a7%d9%86-%d9%8a%d8%af%d8%b9%d9%88-%d8%a7%d9%84%d9%86%d8%a7%d8%b2%d8%ad%d9%8a%d9%86-%d8%a5%d9%84%d9%89-%d8%a7%d9%84%d8%aa%d8%b1%d9%8a%d8%ab-1471442.html,جيش لبنان اي جيش هذا لم نرى ولم نسمع به حتى هذه اللحظة التي أعلن فيها عن وقف الحرب,خارج الحدود,12
19205188,الجيش اللبناني يدعو النازحين إلى التريث,https://www.hespress.com/%d8%ac%d9%8a%d8%b4-%d9%84%d8%a8%d9%86%d8%a7%d9%86-%d9%8a%d8%af%d8%b9%d9%88-%d8%a7%d9%84%d9%86%d8%a7%d8%b2%d8%ad%d9%8a%d9%86-%d8%a5%d9%84%d9%89-%d8%a7%d9%84%d8%aa%d8%b1%d9%8a%d8%ab-1471442.html,الجيش بالاسم فقط . الجيش الدي لا يحمي شعبه فهو عبارة عن دمية او بروتوكول لا اقل او اكتر.,خارج الحدود,6
19205126,الحكم في قضية الطالب أنور,https://www.hespress.com/%d8%a7%d9%84%d8%ad%d9%83%d9%85-%d9%81%d9%8a-%d9%82%d8%b6%d9%8a%d8%a9-%d8%a7%d9%84%d8%b7%d8%a7%d9%84%d8%a8-%d8%a3%d9%86%d9%88%d8%b1-1471492.html,"لا حول و لا قوة إلا بالله العلي العظيم.  اللهم ارحم الشاب أنور و ارزق أهله الصبر و السلوان.
قال تعالى “يا أيها الذين آمنوا لا تسألوا عن أشياء إن تبد لكم تسؤكم “في نظري المتواضع،عدم إجابة المحكمة عن التساؤلات يمكن أن يكون لسببين. إما هو تغاض عن قصد لأن المحكمة ارتأت أن تحتفض ببعض الحقائق لأنها لا تفيد في شيء، أو لربما أن ما هو مصرح به هو أقصى ما توصلت إليه تحريات الشرطة و المحكمة. و الله أعلم.",صوت وصورة,7
19205192,الحكم في قضية الطالب أنور,https://www.hespress.com/%d8%a7%d9%84%d8%ad%d9%83%d9%85-%d9%81%d9%8a-%d9%82%d8%b6%d9%8a%d8%a9-%d8%a7%d9%84%d8%b7%d8%a7%d9%84%d8%a8-%d8%a3%d9%86%d9%88%d8%b1-1471492.html,"لا عدالة في الأرض الا عدالة الله سبحانه وتعالى
وعند الله تجتمع الخصوم
الله يرحمه ويصبر أهله
ان لله وانا إليه راجعون",صوت وصورة,3
19205213,الحكم في قضية الطالب أنور,https://www.hespress.com/%d8%a7%d9%84%d8%ad%d9%83%d9%85-%d9%81%d9%8a-%d9%82%d8%b6%d9%8a%d8%a9-%d8%a7%d9%84%d8%b7%d8%a7%d9%84%d8%a8-%d8%a3%d9%86%d9%88%d8%b1-1471492.html,أين النساء المغربيات لإدانة هذا الحكم الجائر أليس هن غيورات ومدافعات عن حقوق الإنسان؟,صوت وصورة,5
19205240,الحكم في قضية الطالب أنور,https://www.hespress.com/%d8%a7%d9%84%d8%ad%d9%83%d9%85-%d9%81%d9%8a-%d9%82%d8%b6%d9%8a%d8%a9-%d8%a7%d9%84%d8%b7%d8%a7%d9%84%d8%a8-%d8%a3%d9%86%d9%88%d8%b1-1471492.html,الروح عزيزة عند الله وستتضح أسباب الوفاة كلها ان شاء الله,صوت وصورة,1
19205061,قرار المحكمة الأوروبية يستدعي وضوح بروكسيل بشأن قضية الصحراء,https://www.hespress.com/%d9%82%d8%b1%d8%a7%d8%b1-%d8%a7%d9%84%d9%85%d8%ad%d9%83%d9%85%d8%a9-%d8%a7%d9%84%d8%a3%d9%88%d8%b1%d9%88%d8%a8%d9%8a%d8%a9-%d9%8a%d8%b3%d8%aa%d8%af%d8%b9%d9%8a-%d9%88%d8%b6%d9%88%d8%ad-%d8%a8-1471139.html,مع كل أسف الإتحاد لايمكنه تجاوز قرار المحكمة الأوروبية (هم يتكلمون بكلام فضفاض عن المغرب لكن لايوضحون حدوده الجغرافية) ، أما قضية دعم بعض دوله لقضية الصحراء فماهي إلا محاولة إرضاء وتموضع و ما دامت باللجنة الرابعة للأمم المتحدة، عندما تغلق القضية بالأمم المتحدة يمكن للعلاقة مع الإتحاد أن تأخذ مجرى آخر.,سياسة,14
19205071,قرار المحكمة الأوروبية يستدعي وضوح بروكسيل بشأن قضية الصحراء,https://www.hespress.com/%d9%82%d8%b1%d8%a7%d8%b1-%d8%a7%d9%84%d9%85%d8%ad%d9%83%d9%85%d8%a9-%d8%a7%d9%84%d8%a3%d9%88%d8%b1%d9%88%d8%a8%d9%8a%d8%a9-%d9%8a%d8%b3%d8%aa%d8%af%d8%b9%d9%8a-%d9%88%d8%b6%d9%88%d8%ad-%d8%a8-1471139.html,الجهود الديبلوماسية يلزمها دعم صاحبة الجلالة السلطة الرابعة المطالبة بتجديد نخب المحللين والمفكرين الاقتصاديين والسياسيين الكلاسيكيين من مريدي المدهب الأوروبي المتعودين على قراءة التطورات على أنغام ما تمليه بروكسيل، وتعويضهم بنخبة أكثر واقعية وإلماما بما تستدعيه المرحلة من يقظة وحس استباقي في التعاطي مع المؤسسات الأوروبية وأجنداتها. ..,سياسة,6
19205078,قرار المحكمة الأوروبية يستدعي وضوح بروكسيل بشأن قضية الصحراء,https://www.hespress.com/%d9%82%d8%b1%d8%a7%d8%b1-%d8%a7%d9%84%d9%85%d8%ad%d9%83%d9%85%d8%a9-%d8%a7%d9%84%d8%a3%d9%88%d8%b1%d9%88%d8%a8%d9%8a%d8%a9-%d9%8a%d8%b3%d8%aa%d8%af%d8%b9%d9%8a-%d9%88%d8%b6%d9%88%d8%ad-%d8%a8-1471139.html,الحل الوحيد لهذا المشكل هو اعتراف أوروبا بالصحراء المغربية,سياسة,6
19205101,قرار المحكمة الأوروبية يستدعي وضوح بروكسيل بشأن قضية الصحراء,https://www.hespress.com/%d9%82%d8%b1%d8%a7%d8%b1-%d8%a7%d9%84%d9%85%d8%ad%d9%83%d9%85%d8%a9-%d8%a7%d9%84%d8%a3%d9%88%d8%b1%d9%88%d8%a8%d9%8a%d8%a9-%d9%8a%d8%b3%d8%aa%d8%af%d8%b9%d9%8a-%d9%88%d8%b6%d9%88%d8%ad-%d8%a8-1471139.html,الحزم ثم الحزم ، لا نقاش في مغربية الصحراء ، الاتحاد الاوروبي   ضعيف الشخصية ي سياسيا ، قد تبين ان لا افعال متزنة ولا ردود افعال عاقلة ، ونرى ذلك في ملف  روسيا  اكرانيا.  لا يهمنا سياستهم المرتجلة والتحرشات ، ما يهمنا هو ان المغرب في صحرائه ، بثرواتها و بحرها ورمالها وثراثها  ،اما ساكنتها فحسمت الامر بالبيعة . سيأتي يوما تندم فيه اروبا ،لما  نتعامل اكثر مع الصين ،روسيا ،الولايات المتحدة ،تركيا،البرازيل الهند باكستان ، الدول الافريقية العاقلة .,سياسة,9
19205112,قرار المحكمة الأوروبية يستدعي وضوح بروكسيل بشأن قضية الصحراء,https://www.hespress.com/%d9%82%d8%b1%d8%a7%d8%b1-%d8%a7%d9%84%d9%85%d8%ad%d9%83%d9%85%d8%a9-%d8%a7%d9%84%d8%a3%d9%88%d8%b1%d9%88%d8%a8%d9%8a%d8%a9-%d9%8a%d8%b3%d8%aa%d8%af%d8%b9%d9%8a-%d9%88%d8%b6%d9%88%d8%ad-%d8%a8-1471139.html,تحدير الدبلوماسية المغربية يمكن بتلك المساعدة ديال 200مليون اورو سنفقض بعض النقاط التي احرزناها بالنسبة لقضية الصحراء على العموم يجب الحدر وقطع اشواط اخرى لحسم هدا الملف   ربما الاروبيون يلعبون على الوقت لتاخير الحسم في هذا الملف وربما لا ءعادته إلى النقطة الأولى و هدا ما يبحث عنه أعداء الوحدة الترابية للمملكة المغربية ولكم في المحكمة الأوروبية خير دليل والكلام كتير وواضح وشكرا,سياسة,3
19205128,قرار المحكمة الأوروبية يستدعي وضوح بروكسيل بشأن قضية الصحراء,https://www.hespress.com/%d9%82%d8%b1%d8%a7%d8%b1-%d8%a7%d9%84%d9%85%d8%ad%d9%83%d9%85%d8%a9-%d8%a7%d9%84%d8%a3%d9%88%d8%b1%d9%88%d8%a8%d9%8a%d8%a9-%d9%8a%d8%b3%d8%aa%d8%af%d8%b9%d9%8a-%d9%88%d8%b6%d9%88%d8%ad-%d8%a8-1471139.html,"قرار محكمة العدل الأوروبية كان متحيزا للانفصال و لا يتماشى مع قرارات الامم المتحدة و لا يتماشى مع راي الدول الاوروبية المعترفة بسيادة المغرب على صحراءه
عليهم اولا ان يتفاهموا فيما بينهم و الخروج بموقف واقعي موحد
 اما المغرب فعليه التعامل فقط مع الدول الاوروبية التي تعترف بالسيادة المغربية على صحراءه فيما يخص اتفاقيتي الفلاخة و الصيد البحري",سياسة,0
19205136,قرار المحكمة الأوروبية يستدعي وضوح بروكسيل بشأن قضية الصحراء,https://www.hespress.com/%d9%82%d8%b1%d8%a7%d8%b1-%d8%a7%d9%84%d9%85%d8%ad%d9%83%d9%85%d8%a9-%d8%a7%d9%84%d8%a3%d9%88%d8%b1%d9%88%d8%a8%d9%8a%d8%a9-%d9%8a%d8%b3%d8%aa%d8%af%d8%b9%d9%8a-%d9%88%d8%b6%d9%88%d8%ad-%d8%a8-1471139.html,"لا يمكن و من المستحيل نكران المواطنين المغاربة في الصحراء المغربية
الواقع هو عدة أجيال مغاربة يعيشون في الصحراء منذ عقود و جنسيتهم مواطنين مغاربة و لا يقبلون أبدا بتغيير إنتماءهم و شعارهم الله الوطن الملك",سياسة,-1
19205138,قرار المحكمة الأوروبية يستدعي وضوح بروكسيل بشأن قضية الصحراء,https://www.hespress.com/%d9%82%d8%b1%d8%a7%d8%b1-%d8%a7%d9%84%d9%85%d8%ad%d9%83%d9%85%d8%a9-%d8%a7%d9%84%d8%a3%d9%88%d8%b1%d9%88%d8%a8%d9%8a%d8%a9-%d9%8a%d8%b3%d8%aa%d8%af%d8%b9%d9%8a-%d9%88%d8%b6%d9%88%d8%ad-%d8%a8-1471139.html,يجب التعامل مع الاتحاد الأوروبي بكل حزم و  جدية واجبار الدول الاوروبية الاعتراف بمغربية الصحراء لقد حان الوقت لاخراجهم من نفاقهم فالاتحاد الاروبي يعتبر اسدا اقتصاديا لكنه فءر سياسيا.لقد احسن السيد الوير بخطابه الصريح مع الممثل الارو بي حيث قال له نريد أفعال وليس أقوال.,سياسة,0
19205175,قرار المحكمة الأوروبية يستدعي وضوح بروكسيل بشأن قضية الصحراء,https://www.hespress.com/%d9%82%d8%b1%d8%a7%d8%b1-%d8%a7%d9%84%d9%85%d8%ad%d9%83%d9%85%d8%a9-%d8%a7%d9%84%d8%a3%d9%88%d8%b1%d9%88%d8%a8%d9%8a%d8%a9-%d9%8a%d8%b3%d8%aa%d8%af%d8%b9%d9%8a-%d9%88%d8%b6%d9%88%d8%ad-%d8%a8-1471139.html,أرى أنه و مع عراقيل أجهزة الإتحاد الأوروبي يجب على المغرب أن يفرض ، قبل  توقيع  أي إتفاق ، مرور مسودة الإتفاق على جميع هده الأجهزة و قبولها قبل التوقيع,سياسة,-1
19205181,قرار المحكمة الأوروبية يستدعي وضوح بروكسيل بشأن قضية الصحراء,https://www.hespress.com/%d9%82%d8%b1%d8%a7%d8%b1-%d8%a7%d9%84%d9%85%d8%ad%d9%83%d9%85%d8%a9-%d8%a7%d9%84%d8%a3%d9%88%d8%b1%d9%88%d8%a8%d9%8a%d8%a9-%d9%8a%d8%b3%d8%aa%d8%af%d8%b9%d9%8a-%d9%88%d8%b6%d9%88%d8%ad-%d8%a8-1471139.html,دول الاتحاد الأوروبي مطالبة الان اكتر من اي وقت مضى لكي تحدد موقفها بكل وضوح بدون لف ودوران او اكل الديب حلال صيد الديب حرام،اما ان تكون هناك شراكة في صالح الجميع تحترم مبدأ حسن الجوار والمصالح المشتركة او لا شيئ فقط اكل الغلة وسب الملة وإدلال المغاربة في ما يخص مسألة التأشيرة واكل أموالهم بدون وجه حق يمن يدعي عقوق الانسان والحيوان والبغال، واخيرا كما قال صاحب الجلالة الملك محمد السادس نصره الله بان قضية اقاليمنا الجنوبية هي النظارة التي ينظر من خلالها المغرب حسن الصداقات ونجاعة الشراكات ،اما معنا او مع غانا وزمن الابنزاز واللعب على الحبلين قد ولا وأرض الله واسعة!؟,سياسة,0
19205206,قرار المحكمة الأوروبية يستدعي وضوح بروكسيل بشأن قضية الصحراء,https://www.hespress.com/%d9%82%d8%b1%d8%a7%d8%b1-%d8%a7%d9%84%d9%85%d8%ad%d9%83%d9%85%d8%a9-%d8%a7%d9%84%d8%a3%d9%88%d8%b1%d9%88%d8%a8%d9%8a%d8%a9-%d9%8a%d8%b3%d8%aa%d8%af%d8%b9%d9%8a-%d9%88%d8%b6%d9%88%d8%ad-%d8%a8-1471139.html,الاتحاد الأوروبي كذاب ومنافق …. يمكن اليوم التأسيس لعلاقات جدية و واضحة مع الدول الأوروبية التي أبدت على الأقل مباركتها للطرح السياسي المتعلق بالحكم الذاتي والذي تبناه المغرب منذ 2007 و هو قرار لا رجعة فيه و لو انطبقت السماء على الأرض . وما على الاتحاد الأوروبي وبرلمانه إلا الاقتناع بما يراه المغرب مناسبا هذا إذا كان الاتحاد يعلم جيدا أن البوابة الأفريقية الكبرى هي المملكة المغربية واستحضارا منه كذلك بأن الصحراء مغربية بالوثائق التاريخية و الجغرافية . السؤال المطروح اليوم هو …..لماذا يتلكأ الاتحاد الأوروبي بخصوص الاعتراف بمغربية الصحراء إذا كانت فعلا دوله تريد إقامة علاقات جدية وصادقة في إطار تعاون مشترك مبني على قاعدة رابح ، رابح . إنه النفاق السياسي يا سادة …فالحذر الحذر .,سياسة,0
19205258,قرار المحكمة الأوروبية يستدعي وضوح بروكسيل بشأن قضية الصحراء,https://www.hespress.com/%d9%82%d8%b1%d8%a7%d8%b1-%d8%a7%d9%84%d9%85%d8%ad%d9%83%d9%85%d8%a9-%d8%a7%d9%84%d8%a3%d9%88%d8%b1%d9%88%d8%a8%d9%8a%d8%a9-%d9%8a%d8%b3%d8%aa%d8%af%d8%b9%d9%8a-%d9%88%d8%b6%d9%88%d8%ad-%d8%a8-1471139.html,"ملاحظ
لا أعرف ماذا يريد الاتحاد الأوروبي من خلال ما إصداره برلمانيه ومحكمته !
هل يستطيع هذا الاتحاد يقفز على حكم محكمه ويستمر في تعامله مع المغرب ويخرق حكم محكمه ؟
رففي الوقت الذي ايدت ما يقارب 70 في المائة من دوله الحكم الذاتي في الصحراء المغربية ، خرج البرلمان وأصدر قراره وإن لم يكن ملزما فأتبعه بحكم المحكمة ، وخرج ينادى بالحفاظ على شراكته مع المغرب ! تناقض ما بعده تناقظ !!!
على من يضحك هذا الاتحاد ؟ وإلى اين يريد الوصول ؟
على المغرب التشبث بما جاء في خطاب ملكنا :” لا اتفاق دون صحرائنا ، ولا شراكة مع من لا يعترف بصحرائنا “",سياسة,0
19205276,قرار المحكمة الأوروبية يستدعي وضوح بروكسيل بشأن قضية الصحراء,https://www.hespress.com/%d9%82%d8%b1%d8%a7%d8%b1-%d8%a7%d9%84%d9%85%d8%ad%d9%83%d9%85%d8%a9-%d8%a7%d9%84%d8%a3%d9%88%d8%b1%d9%88%d8%a8%d9%8a%d8%a9-%d9%8a%d8%b3%d8%aa%d8%af%d8%b9%d9%8a-%d9%88%d8%b6%d9%88%d8%ad-%d8%a8-1471139.html,دول الاتحاد الاروبي في تناقض مع محكمتهم الموقرة يريدون اكل الغلة المغربية من جهة و سب الملة من جهة اخرى,سياسة,0
19205054,رئاسة طنجة المدينة تشعل المنافسة,https://www.hespress.com/%d8%b1%d8%a6%d8%a7%d8%b3%d8%a9-%d8%b7%d9%86%d8%ac%d8%a9-%d8%a7%d9%84%d9%85%d8%af%d9%8a%d9%86%d8%a9-%d8%aa%d8%b4%d8%b9%d9%84-%d8%a7%d9%84%d9%85%d9%86%d8%a7%d9%81%d8%b3%d8%a9-1471278.html,"أصبحت طنجة من أغنى المدن واكثرها تطورا وأصبحت اوراشها مغرية المتربصين ولهذا هم يتناقرون ويتقاشرون من أجل هذه الفريسة السمينة حاضرا ومستقبلها.
هل منهم من يحب الخير للبلد والشعب قبل كل شيء ؟ لا اظن",جهات,1
19204981,15 سنة سجنا نافذا لقاتلة الطالب أنور,https://www.hespress.com/15-%d8%b3%d9%86%d8%a9-%d8%b3%d8%ac%d9%86%d8%a7-%d9%86%d8%a7%d9%81%d8%b0%d8%a7-%d9%84%d9%82%d8%a7%d8%aa%d9%84%d8%a9-%d8%a7%d9%84%d8%b7%d8%a7%d9%84%d8%a8-%d8%a3%d9%86%d9%88%d8%b1-1471451.html,صراحة لا يمكن اعتماد القاتلة قاصر والحكم عليها لتخفيف العقوبة نظرا لسنها باعتبارها قاصر. لان القاصر لا يمكن ان تزهق روح. وصراحة الملف فيه ان انا تابعت المحاكمة وهناك خلل ما لان البنت من بنيتها الجسمانية لا يمكن لها قتل المرحوم وحدها لانه اكبر منها بنية جسمية ففي الحقيقة هناك من ساهم معها في ارتكاب الجناية والعدالة لم تصل له. فاسيلة كثيرة وضعها المحامون بقت دون إجابة.,حوادث,28
19204987,15 سنة سجنا نافذا لقاتلة الطالب أنور,https://www.hespress.com/15-%d8%b3%d9%86%d8%a9-%d8%b3%d8%ac%d9%86%d8%a7-%d9%86%d8%a7%d9%81%d8%b0%d8%a7-%d9%84%d9%82%d8%a7%d8%aa%d9%84%d8%a9-%d8%a7%d9%84%d8%b7%d8%a7%d9%84%d8%a8-%d8%a3%d9%86%d9%88%d8%b1-1471451.html,حكم مخفف جدا…هل التميز ضد الرجل وصل حتى جرائم القتل …القتل ذبحا و سرقة و 15 سنة ؟؟؟,حوادث,112
19204990,15 سنة سجنا نافذا لقاتلة الطالب أنور,https://www.hespress.com/15-%d8%b3%d9%86%d8%a9-%d8%b3%d8%ac%d9%86%d8%a7-%d9%86%d8%a7%d9%81%d8%b0%d8%a7-%d9%84%d9%82%d8%a7%d8%aa%d9%84%d8%a9-%d8%a7%d9%84%d8%b7%d8%a7%d9%84%d8%a8-%d8%a3%d9%86%d9%88%d8%b1-1471451.html,أرى في ذلك حكم مخففا جدا  بكل صراحة لا افهم العدالة في بلادنا. فتالي تدخل للحبس وتضرب 6 ولا 8 سنوات وتخرج,حوادث,70
19204991,15 سنة سجنا نافذا لقاتلة الطالب أنور,https://www.hespress.com/15-%d8%b3%d9%86%d8%a9-%d8%b3%d8%ac%d9%86%d8%a7-%d9%86%d8%a7%d9%81%d8%b0%d8%a7-%d9%84%d9%82%d8%a7%d8%aa%d9%84%d8%a9-%d8%a7%d9%84%d8%b7%d8%a7%d9%84%d8%a8-%d8%a3%d9%86%d9%88%d8%b1-1471451.html,لا زلنا نتساهل مع العقوبة القضائية في المغرب مما ادى الى انتشار الجريمة بشكل غير معقول، حبذا لو أننا طبقنا شرع الله في القصاص مثل الدول العربية لما انتهينا ولو بشكل من الاشكال ، الحد من جرائم القتل التي اصبحت منتشرة على نطاق واسع في كل انحاء المملكة,حوادث,62
19204992,15 سنة سجنا نافذا لقاتلة الطالب أنور,https://www.hespress.com/15-%d8%b3%d9%86%d8%a9-%d8%b3%d8%ac%d9%86%d8%a7-%d9%86%d8%a7%d9%81%d8%b0%d8%a7-%d9%84%d9%82%d8%a7%d8%aa%d9%84%d8%a9-%d8%a7%d9%84%d8%b7%d8%a7%d9%84%d8%a8-%d8%a3%d9%86%d9%88%d8%b1-1471451.html,لك الله يا  وطني ، القضية فيها القتل العمد مع سيق الاصرار و الترصد كيما كايقولو فمداولة و عاطيينها 15 عام و من بعد تخرج بعفو ملكي لحسن السلوك ، اوا ردعنا و خلعنا بكري المجرمين و الشفارة لا حول ولا قوة الا بالله,حوادث,54
19204995,15 سنة سجنا نافذا لقاتلة الطالب أنور,https://www.hespress.com/15-%d8%b3%d9%86%d8%a9-%d8%b3%d8%ac%d9%86%d8%a7-%d9%86%d8%a7%d9%81%d8%b0%d8%a7-%d9%84%d9%82%d8%a7%d8%aa%d9%84%d8%a9-%d8%a7%d9%84%d8%b7%d8%a7%d9%84%d8%a8-%d8%a3%d9%86%d9%88%d8%b1-1471451.html,الله ارحم برحمته الواسعة احضو ووليداتكم او خليوهم دائما صغار قدام عينيكم مهما كبروا الوقت خيابتك او الله اعبعد الشر على جميع وليدات المسلمين,حوادث,45
19204998,15 سنة سجنا نافذا لقاتلة الطالب أنور,https://www.hespress.com/15-%d8%b3%d9%86%d8%a9-%d8%b3%d8%ac%d9%86%d8%a7-%d9%86%d8%a7%d9%81%d8%b0%d8%a7-%d9%84%d9%82%d8%a7%d8%aa%d9%84%d8%a9-%d8%a7%d9%84%d8%b7%d8%a7%d9%84%d8%a8-%d8%a3%d9%86%d9%88%d8%b1-1471451.html,حسبي الله ونعم الوكيل صراحة يستهل اكثر اعدام,حوادث,26
19204999,15 سنة سجنا نافذا لقاتلة الطالب أنور,https://www.hespress.com/15-%d8%b3%d9%86%d8%a9-%d8%b3%d8%ac%d9%86%d8%a7-%d9%86%d8%a7%d9%81%d8%b0%d8%a7-%d9%84%d9%82%d8%a7%d8%aa%d9%84%d8%a9-%d8%a7%d9%84%d8%b7%d8%a7%d9%84%d8%a8-%d8%a3%d9%86%d9%88%d8%b1-1471451.html,حكم مخفف ولايشفي غليل ألاسرة المكلومة ..عقوبة القتل العمد لاتقل عن 30سنة إن لم نقل المؤبد او الإعدام ..الله يصبر الوالدين ويعوضهم خيرا…حال الدنيا يأتي بأخبار غير متوقعة,حوادث,49
19205010,15 سنة سجنا نافذا لقاتلة الطالب أنور,https://www.hespress.com/15-%d8%b3%d9%86%d8%a9-%d8%b3%d8%ac%d9%86%d8%a7-%d9%86%d8%a7%d9%81%d8%b0%d8%a7-%d9%84%d9%82%d8%a7%d8%aa%d9%84%d8%a9-%d8%a7%d9%84%d8%b7%d8%a7%d9%84%d8%a8-%d8%a3%d9%86%d9%88%d8%b1-1471451.html,كون كانت فامريكا  كون حكمو عليها  بالإعدام  .,حوادث,37
19205015,15 سنة سجنا نافذا لقاتلة الطالب أنور,https://www.hespress.com/15-%d8%b3%d9%86%d8%a9-%d8%b3%d8%ac%d9%86%d8%a7-%d9%86%d8%a7%d9%81%d8%b0%d8%a7-%d9%84%d9%82%d8%a7%d8%aa%d9%84%d8%a9-%d8%a7%d9%84%d8%b7%d8%a7%d9%84%d8%a8-%d8%a3%d9%86%d9%88%d8%b1-1471451.html,ما هذا الحكم المخفف!!! هل هذا هو القضاء المغربي!!!؟؟؟هذه عقوبتها الإعدام الحكم واضح للأعمى و البصير,حوادث,35
19205036,15 سنة سجنا نافذا لقاتلة الطالب أنور,https://www.hespress.com/15-%d8%b3%d9%86%d8%a9-%d8%b3%d8%ac%d9%86%d8%a7-%d9%86%d8%a7%d9%81%d8%b0%d8%a7-%d9%84%d9%82%d8%a7%d8%aa%d9%84%d8%a9-%d8%a7%d9%84%d8%b7%d8%a7%d9%84%d8%a8-%d8%a3%d9%86%d9%88%d8%b1-1471451.html,البلد الوحيد الذي لا ترى فيه حقوق الإنسان إلا في حالتين: إن صرت مجرما سيدافعون عن حقوقك كسجين او ان تصير شاذ جنسي لكي يقولون لك حقوق المثلية,حوادث,23
19205037,15 سنة سجنا نافذا لقاتلة الطالب أنور,https://www.hespress.com/15-%d8%b3%d9%86%d8%a9-%d8%b3%d8%ac%d9%86%d8%a7-%d9%86%d8%a7%d9%81%d8%b0%d8%a7-%d9%84%d9%82%d8%a7%d8%aa%d9%84%d8%a9-%d8%a7%d9%84%d8%b7%d8%a7%d9%84%d8%a8-%d8%a3%d9%86%d9%88%d8%b1-1471451.html,لنتصور ان العطس هو ما حدث: رجل يقتل فتاة ويسرق : كان سيحكم بالسجن المؤبد وفي أحسن الأحوال ب 30 سنة,حوادث,23
19205060,15 سنة سجنا نافذا لقاتلة الطالب أنور,https://www.hespress.com/15-%d8%b3%d9%86%d8%a9-%d8%b3%d8%ac%d9%86%d8%a7-%d9%86%d8%a7%d9%81%d8%b0%d8%a7-%d9%84%d9%82%d8%a7%d8%aa%d9%84%d8%a9-%d8%a7%d9%84%d8%b7%d8%a7%d9%84%d8%a8-%d8%a3%d9%86%d9%88%d8%b1-1471451.html,هذا حكم مخفف للأسف… الاعدام لكل قانل متعمد.,حوادث,19
19205065,15 سنة سجنا نافذا لقاتلة الطالب أنور,https://www.hespress.com/15-%d8%b3%d9%86%d8%a9-%d8%b3%d8%ac%d9%86%d8%a7-%d9%86%d8%a7%d9%81%d8%b0%d8%a7-%d9%84%d9%82%d8%a7%d8%aa%d9%84%d8%a9-%d8%a7%d9%84%d8%b7%d8%a7%d9%84%d8%a8-%d8%a3%d9%86%d9%88%d8%b1-1471451.html,هذه القضية غامضة جدا و احداثها هيتشكوكية و قيل عنها الكثير اين الحقيقة الله اعلم.,حوادث,11
19205080,15 سنة سجنا نافذا لقاتلة الطالب أنور,https://www.hespress.com/15-%d8%b3%d9%86%d8%a9-%d8%b3%d8%ac%d9%86%d8%a7-%d9%86%d8%a7%d9%81%d8%b0%d8%a7-%d9%84%d9%82%d8%a7%d8%aa%d9%84%d8%a9-%d8%a7%d9%84%d8%b7%d8%a7%d9%84%d8%a8-%d8%a3%d9%86%d9%88%d8%b1-1471451.html,"البنت قانونيا قاصر و القانون ينظر إلى الأوراق و ليس العاطفة أو اراء الآخرين,و الشيئ الثاني نسمع فقط الأخبار و لا نعرف محتوى الملف.سبب وجودهم مع بعض في شقة و لا علاقة قانونية أو شرعية مع بعضهم.",حوادث,4
19205087,15 سنة سجنا نافذا لقاتلة الطالب أنور,https://www.hespress.com/15-%d8%b3%d9%86%d8%a9-%d8%b3%d8%ac%d9%86%d8%a7-%d9%86%d8%a7%d9%81%d8%b0%d8%a7-%d9%84%d9%82%d8%a7%d8%aa%d9%84%d8%a9-%d8%a7%d9%84%d8%b7%d8%a7%d9%84%d8%a8-%d8%a3%d9%86%d9%88%d8%b1-1471451.html,"الله يرحم انور
تابعت الموضوع منذ بدايته و اظن ان أشياء كثيرة بقيت مبهمة و يجب إعادة النظر فيها لتوضيح الحقيقة الكاملة و الوصول الى القاتل الحقيقي
هذه امانة في عنق القضاء",حوادث,9
19205104,15 سنة سجنا نافذا لقاتلة الطالب أنور,https://www.hespress.com/15-%d8%b3%d9%86%d8%a9-%d8%b3%d8%ac%d9%86%d8%a7-%d9%86%d8%a7%d9%81%d8%b0%d8%a7-%d9%84%d9%82%d8%a7%d8%aa%d9%84%d8%a9-%d8%a7%d9%84%d8%b7%d8%a7%d9%84%d8%a8-%d8%a3%d9%86%d9%88%d8%b1-1471451.html,"الى تعليق رقم  1
فهي قتلته بالسكين وليس بصراع معه جسمانيا. فيمكن بحركة واحد غادرة ان تقتله دون حاجة ان تكون اقوى منه جسديا",حوادث,12
19205133,15 سنة سجنا نافذا لقاتلة الطالب أنور,https://www.hespress.com/15-%d8%b3%d9%86%d8%a9-%d8%b3%d8%ac%d9%86%d8%a7-%d9%86%d8%a7%d9%81%d8%b0%d8%a7-%d9%84%d9%82%d8%a7%d8%aa%d9%84%d8%a9-%d8%a7%d9%84%d8%b7%d8%a7%d9%84%d8%a8-%d8%a3%d9%86%d9%88%d8%b1-1471451.html,الحقيقة لايعلمها إلا الله وحده لاشريك له أين هو القصاص ياحضرة القاضي هذه روح أرهقت فى عز شبابها القتل العمد مع سبق…….وتحكم ب١٥ سنة هذه علامة استفهام كبيرة والفاهم يفهم وعند ربكم تختصمون.,حوادث,7
19205137,15 سنة سجنا نافذا لقاتلة الطالب أنور,https://www.hespress.com/15-%d8%b3%d9%86%d8%a9-%d8%b3%d8%ac%d9%86%d8%a7-%d9%86%d8%a7%d9%81%d8%b0%d8%a7-%d9%84%d9%82%d8%a7%d8%aa%d9%84%d8%a9-%d8%a7%d9%84%d8%b7%d8%a7%d9%84%d8%a8-%d8%a3%d9%86%d9%88%d8%b1-1471451.html,متابعة المتستر ب 10سنوات مبالغة، لأن رابط القرابة يلتمس العفو أمام القانون أو الحق المدني.,حوادث,4
19205147,15 سنة سجنا نافذا لقاتلة الطالب أنور,https://www.hespress.com/15-%d8%b3%d9%86%d8%a9-%d8%b3%d8%ac%d9%86%d8%a7-%d9%86%d8%a7%d9%81%d8%b0%d8%a7-%d9%84%d9%82%d8%a7%d8%aa%d9%84%d8%a9-%d8%a7%d9%84%d8%b7%d8%a7%d9%84%d8%a8-%d8%a3%d9%86%d9%88%d8%b1-1471451.html,حكم غير عادل قامت ب سلب حياة شاب ودمرت أسرة بأكملها هل 15 سنة ستشفي غليل الأسرة المكلومة او تعيد الشاب أنور إلى الحياة أظن لا الأحكام في المغرب غير منطقية هاته الشابة تستحق الإعدام او على الأقل المؤبد نظرا لبشاعة الجريمة فقد قامت ب ذبح الشاب أنور بعد 15 سنة سوف تعيش حياتها بشكل عادي لكن الشاب انور لن يعود أتمنى ان تتحقق العدالة الإلاهية في الدنيا قبل الآخرة,حوادث,7
19205160,15 سنة سجنا نافذا لقاتلة الطالب أنور,https://www.hespress.com/15-%d8%b3%d9%86%d8%a9-%d8%b3%d8%ac%d9%86%d8%a7-%d9%86%d8%a7%d9%81%d8%b0%d8%a7-%d9%84%d9%82%d8%a7%d8%aa%d9%84%d8%a9-%d8%a7%d9%84%d8%b7%d8%a7%d9%84%d8%a8-%d8%a3%d9%86%d9%88%d8%b1-1471451.html,أصبح القضاء في المغرب مسيس من طرف الفيمينيزم النسوية بسطت سيطرتها على كل شيء في المغرب تخيل معي قاصر تحرش ب شابة حكم عليه ب 3 سنوات وشابة قامت ب ذبح شاب ب طريقة بشعة سلبت حقه في الحياة حكم عليها ب 15 سنة هل هذا يعقل ؟  جميع الامتيازات أصبحت للأنثى في هذا الزمان الرجل أصبح مظلوما و مضطهدا حتى القضاء اصبح ضده ولا ينصفه,حوادث,4
19205164,15 سنة سجنا نافذا لقاتلة الطالب أنور,https://www.hespress.com/15-%d8%b3%d9%86%d8%a9-%d8%b3%d8%ac%d9%86%d8%a7-%d9%86%d8%a7%d9%81%d8%b0%d8%a7-%d9%84%d9%82%d8%a7%d8%aa%d9%84%d8%a9-%d8%a7%d9%84%d8%b7%d8%a7%d9%84%d8%a8-%d8%a3%d9%86%d9%88%d8%b1-1471451.html,كنت تعطيوها البراءة أحسن ولا تحبسوا الوالدين ديالو لما رباوهش مزيان و خلاوه ساكن بوحدو.. بصراحة نهار القضاء يتقاد عاد غادي نزيدوا لقدام..,حوادث,6
19205183,15 سنة سجنا نافذا لقاتلة الطالب أنور,https://www.hespress.com/15-%d8%b3%d9%86%d8%a9-%d8%b3%d8%ac%d9%86%d8%a7-%d9%86%d8%a7%d9%81%d8%b0%d8%a7-%d9%84%d9%82%d8%a7%d8%aa%d9%84%d8%a9-%d8%a7%d9%84%d8%b7%d8%a7%d9%84%d8%a8-%d8%a3%d9%86%d9%88%d8%b1-1471451.html,"قتل والحكم ب 15 سنة سجنا.
أي قضاء هذا اللذي يسامح في قضية قتل مواطن. القتل يساوي إعدام هذا ما فرضه الله على المسلمين",حوادث,3
19205198,15 سنة سجنا نافذا لقاتلة الطالب أنور,https://www.hespress.com/15-%d8%b3%d9%86%d8%a9-%d8%b3%d8%ac%d9%86%d8%a7-%d9%86%d8%a7%d9%81%d8%b0%d8%a7-%d9%84%d9%82%d8%a7%d8%aa%d9%84%d8%a9-%d8%a7%d9%84%d8%b7%d8%a7%d9%84%d8%a8-%d8%a3%d9%86%d9%88%d8%b1-1471451.html,"الذكور القاصرين الذين اعترضوا فتاة طنجة تم الحكم عليهم بأقصى العقوبات على الرغم من أنهم قاصرين وقال مؤيدي هذا الحكم أن القاصرين جائز معاقبتهم إسوة بالبالغين لكن هنا نرى تبريرا لظروف التخفيف لصالح الفتاة بحجة أنها قاصر ولو كانوا مكان القاضي لحكموا عليها بالبراءة، ممكن نعرف ما الذي يحدث في هذا البلد؟ لأنني أرى أنه ثمة هناك ازدواجية المعايير  في التعامل مع الذكور والإناث.
كيف لإنسان ارتكب جريمة قتل عن سبق الإصرار والترصد يحصل على 15 سنة سجنا؟",حوادث,2
19205215,15 سنة سجنا نافذا لقاتلة الطالب أنور,https://www.hespress.com/15-%d8%b3%d9%86%d8%a9-%d8%b3%d8%ac%d9%86%d8%a7-%d9%86%d8%a7%d9%81%d8%b0%d8%a7-%d9%84%d9%82%d8%a7%d8%aa%d9%84%d8%a9-%d8%a7%d9%84%d8%b7%d8%a7%d9%84%d8%a8-%d8%a3%d9%86%d9%88%d8%b1-1471451.html,حسب رأي المتواضع ،الكثير من الاخوان المعلقين يرون أن هدا الحكم كان مخففا ،و أضن أن هاته التعاليق طالتها العاطفة ليس الا ،لكون المتهمة ربما استفادت من ظروف التخفيف لكونها كانت تحت تأثير المخدرات أو الكحول ،و من له اطلاع على قانون المسطرة الجنائية المغربية ،سيساطرني  الرأي ،لكون الشخص الدي يرتكب جناية تحت تأثير الكحول والمخدرات ،يعتبر ظرفا من ظروف التخفيف,حوادث,-4
